text	date	link	Company
how to watch elon musk’s neuralink demo at 6pm et / 3pm pt https://t.co/snudezesw0 https://t.co/h2vpuvghhs	2020-08-31	http://dlvr.it/RfjWZl	Tesla, Inc.
11 electric suvs coming for the tesla model y https://t.co/mccwas0fxo https://t.co/t3wz2sexnk	2020-08-10	http://dlvr.it/RdNF32	Tesla, Inc.
tesla turns a profit for the fourth quarter in a row — a first for the company https://t.co/4jjcwekiym https://t.co/7uhkmw2x3z	2020-07-25	http://dlvr.it/RcMDYm	Tesla, Inc.
elon musk reschedules tesla 'battery day' for later this year https://t.co/d8juwdhbim https://t.co/uwqslb8kvp	2020-06-25	http://dlvr.it/RZKFv3	Tesla, Inc.
spacex has a month to prove starlink is worthy of rural broadband funding https://t.co/8jjcph9qsg https://t.co/sg7xnsa2mi	2020-06-18	http://dlvr.it/RYs0LM	Tesla, Inc.
elon musk tweets 'time to break up amazon' in defense of coronavirus skeptic https://t.co/rtdj4sachm https://t.co/ywnttiqxns	2020-06-07	http://dlvr.it/RY9RXC	Tesla, Inc.
tesla's arcade adds 'fallout shelter' for in-car play https://t.co/taq2riekh7 https://t.co/sf2n6yo6se	2020-05-25	http://dlvr.it/RXLJ4R	Tesla, Inc.
how ford, gm, fca, and tesla are bringing back factory workers https://t.co/hhzx3sfidy https://t.co/zknj1ujwkj	2020-05-25	http://dlvr.it/RXKjxL	Tesla, Inc.
elon musk calls stay-at-home order ‘fascist’ during tesla earnings call https://t.co/dkvc7vdugj https://t.co/zgodgfauvk	2020-05-02	http://dlvr.it/RVtqh5	Tesla, Inc.
tesla powerwall knows when to stop charging your ev during power outages https://t.co/uttxv6ade6 https://t.co/dkogf3jdwd	2020-04-22	http://dlvr.it/RVCc2z	Tesla, Inc.
spacex will fly astronauts to space for first american launch in years https://t.co/wzf6au0h5h https://t.co/1qsqd3tzwg	2020-04-20	http://dlvr.it/RV78SB	Tesla, Inc.
tesla to cut salaries, furlough staff amid coronavirus pandemic https://t.co/o9uguodsvm https://t.co/vf5sgatqlw	2020-04-11	http://dlvr.it/RTZ63m	Tesla, Inc.
spacex stops all employees from using zoom https://t.co/v7si1lliel https://t.co/1fbaswdhb6	2020-04-05	http://dlvr.it/RTBmjR	Tesla, Inc.
twitter won’t remove irresponsible elon musk tweet about coronavirus  https://t.co/fktb5lsrrv https://t.co/0pfxmmmjgz	2020-03-22	http://dlvr.it/RSMh6H	Tesla, Inc.
tesla reportedly orders factory workers to show up despite shelter orders https://t.co/ofj8tehh0m https://t.co/dtpqqp81x6	2020-03-21	http://dlvr.it/RSJr90	Tesla, Inc.
elon musk responds to twitter time travel conspiracy: 'full disclosure, i'm actually a 3,000 year old vampire'… https://t.co/qdyj7vugjl	2020-02-29	https://twitter.com/i/web/status/1233845027362619393	Tesla, Inc.
tesla receives permission to continue working on its german gigafactory https://t.co/kxk9usaiyf https://t.co/qpcdljl1yg	2020-02-24	http://dlvr.it/RQchdj	Tesla, Inc.
'ourmine' group hijacks twitter accounts for olympics and fc barcelona https://t.co/gbq5hm2hpb https://t.co/xw1khr1jax	2020-02-18	http://dlvr.it/RQHgYM	Tesla, Inc.
elon musk's boring company finishes excavating las vegas tunnel https://t.co/fo82xr9y0f https://t.co/ts6t5bvb1u	2020-02-18	http://dlvr.it/RQFJM1	Tesla, Inc.
tesla remotely disables autopilot on used model s after it was sold https://t.co/pr2lsqrvlm https://t.co/owrvlt5ouk	2020-02-09	http://dlvr.it/RPjbhn	Tesla, Inc.
senator calls on tesla to make autopilot safety changes https://t.co/3jol3gnjuq https://t.co/yauosh9wdf	2020-01-28	http://dlvr.it/RNtTbG	Tesla, Inc.
tesla update leaks some upcoming changes for model s, model x https://t.co/phkjnilzfu https://t.co/u9tnuw3qmf	2020-01-27	http://dlvr.it/RNsh5c	Tesla, Inc.
tesla says faulty acceleration allegation is ‘completely false’ https://t.co/5peugyv5yh https://t.co/b8u5hccgyg	2020-01-23	http://dlvr.it/RNcrgg	Tesla, Inc.
elon musk expects spacex's first crewed mission between april and june https://t.co/frhpnnjyux https://t.co/xjzpuey0fs	2020-01-22	http://dlvr.it/RNYtlp	Tesla, Inc.
have a tesla over-the-air update disaster? try these reboots. https://t.co/stagxn6ees https://t.co/rdzoq5rkow	2019-12-30	http://dlvr.it/RM9VXp	Tesla, Inc.
tesla puts a music-making app in your ev https://t.co/eoszxyb6gb https://t.co/hyrmh7au74	2019-12-28	http://dlvr.it/RM2jXz	Tesla, Inc.
tesla's holiday update improves camp mode and driving visualization https://t.co/aflisekjdy https://t.co/rzyfxwjrft	2019-12-26	http://dlvr.it/RLz48h	Tesla, Inc.
tesla code hints model 3 might get 100kwh battery and ludicrous mode https://t.co/xgojx1algh https://t.co/ixnnbmuzeb	2019-12-24	http://dlvr.it/RLrRYQ	Tesla, Inc.
tesla will start charging $10 per month for 'premium' in-car data https://t.co/opwpa7cluj https://t.co/zpjk8nwd4d	2019-12-10	http://dlvr.it/RL2Bnp	Tesla, Inc.
elon musk wins defamation trial over ‘pedo’ remarks https://t.co/cpkudpmlca https://t.co/xzput7ergm	2019-12-09	http://dlvr.it/RKydL7	Tesla, Inc.
tesla already has 146,000 deposits for its cybertruck https://t.co/tnjcf5ixi3 https://t.co/hzwzgr1sco	2019-11-26	http://dlvr.it/RK902x	Tesla, Inc.
elon musk confirms tesla's 'cyberquad' as a cybertruck accessory https://t.co/afvbjf6m6m https://t.co/8wr6p5baef	2019-11-25	http://dlvr.it/RK5JyD	Tesla, Inc.
tesla unveils its cybertruck, with a price starting at $39,900 https://t.co/v2czonclk5 https://t.co/auwtdboufu	2019-11-24	http://dlvr.it/RK1JGb	Tesla, Inc.
tesla will reveal its 'cyberpunk' electric pickup on november 21st https://t.co/f4y1v18rb9 https://t.co/phbiuudyet	2019-11-09	http://dlvr.it/RHydlk	Tesla, Inc.
tesla update gives evs more power and 'automatic' navigation https://t.co/veioq9b12m https://t.co/crjdzy9ocx	2019-10-29	http://dlvr.it/RHCfGk	Tesla, Inc.
tesla driver burnt to death in car because futuristic doors wouldn't open, prosecutors say https://t.co/ejjs7fhrdu https://t.co/etliupi21e	2019-10-27	http://dlvr.it/RH46zM	Tesla, Inc.
nasa paid $5 million for spacex employee training after elon musk smoked weed with joe rogan https://t.co/d9jfnxbdav https://t.co/gjoxqvim0f	2019-10-19	http://dlvr.it/RGXg92	Tesla, Inc.
spacex crew dragon could fly astronauts to the iss in early 2020 https://t.co/zcrbwq0jqa https://t.co/twofowus3z	2019-10-13	http://dlvr.it/RG73jC	Tesla, Inc.
tesla will let you customize your car's horn and movement sounds https://t.co/u2loel8xyn https://t.co/54uaptmmcw	2019-10-09	http://dlvr.it/RFsQqr	Tesla, Inc.
spacex's starship halves comes together ahead of a big event https://t.co/ayt3htnwu1 https://t.co/g0qya6vzfi	2019-09-30	http://dlvr.it/RFDGKG	Tesla, Inc.
tesla starts rolling out biggest software update ever with spotify, netflix, youtube, and more… https://t.co/kzzszptqn8	2019-09-29	https://twitter.com/i/web/status/1178384713934725121	Tesla, Inc.
tesla’s model 3 scores the company’s first top safety award from iihs https://t.co/am4drdjtsl https://t.co/dt4jlohxxm	2019-09-21	http://dlvr.it/RDbwPQ	Tesla, Inc.
elon musk: tesla pickup truck pushed back to november https://t.co/dirnylxpcj https://t.co/n64orilt9s	2019-09-12	http://dlvr.it/RCww4J	Tesla, Inc.
apple apparently blocked wordpress app updates to force iap support https://t.co/aiwbljkdez https://t.co/1bt6r1fg7h	2020-08-24	http://dlvr.it/RfGqDy	Apple Inc.
apple's macos beta code hints at face id coming to mac computers https://t.co/yjp1japt1l https://t.co/axyhsomxuj	2020-07-30	http://dlvr.it/RcfCjC	Apple Inc.
apple starts making first flagship iphone in india https://t.co/pqwhgxq8rl https://t.co/lunx2j21lj	2020-07-28	http://dlvr.it/RcXvGD	Apple Inc.
apple shows off the new emoji coming to ios this year https://t.co/o0nq6vk8zn https://t.co/uabdat5ixi	2020-07-20	http://dlvr.it/RbySSs	Apple Inc.
this week's best deals: apple watch series 5, echo dot and more https://t.co/0bx6fergs3 https://t.co/fze9mp2wjx	2020-06-29	http://dlvr.it/RZc77B	Apple Inc.
app clips could be a trojan horse for sign in with apple https://t.co/ok9ajiwmwb https://t.co/etqddxt5wf	2020-06-27	http://dlvr.it/RZVJLh	Apple Inc.
apple's first arm macs may include a 13-inch macbook pro and 24-inch imac https://t.co/q42v9vdbpz https://t.co/wvpcezl5sa	2020-06-24	http://dlvr.it/RZHkBc	Apple Inc.
apple says the hey email app was originally approved in error https://t.co/rbdg6xc63z https://t.co/ilzhzdj1gi	2020-06-22	http://dlvr.it/RZ5Vhh	Apple Inc.
apple's airpods are at their lowest-ever price on amazon https://t.co/kbsrdmnbvr https://t.co/nrt66if8ve	2020-06-18	http://dlvr.it/RYwKXl	Apple Inc.
apple throws in free airpods when you buy a mac for college https://t.co/vy4nafurta https://t.co/dncpx9ksrk	2020-06-18	http://dlvr.it/RYvbsl	Apple Inc.
italy's 'immuni' covid-19 contact tracing app uses google, apple tech https://t.co/0h4tlz0wkx https://t.co/jp199l12lv	2020-06-04	http://dlvr.it/RY0LLZ	Apple Inc.
apple now sells refurbished iphone xr models for up to $120 off https://t.co/y4r0syisaz https://t.co/nt3bnz3kvk	2020-06-01	http://dlvr.it/RXl1QP	Apple Inc.
apple could launch an 'affordable' 10-inch ipad this year https://t.co/bi5z4iab30 https://t.co/9q7r3gdkrh	2020-05-17	http://dlvr.it/RWr7Nk	Apple Inc.
‘fraggle rock’ mini-series makes a surprise debut on apple tv+ https://t.co/5sszwajtex https://t.co/1zfkylcrr2	2020-04-24	http://dlvr.it/RVM6pn	Apple Inc.
apple ceo tim cook acknowledges potential job cuts in company-wide meeting https://t.co/jluq1o5nxr https://t.co/jfdvgcnjww	2020-04-19	http://dlvr.it/RV4GyH	Apple Inc.
apple is donating product red proceeds to covid-19 response efforts https://t.co/a5sgyfxium https://t.co/dqcow37lxx	2020-04-18	http://dlvr.it/RV1ZlW	Apple Inc.
iphone se: apple releases new, cheaper phone https://t.co/gb8pukhc22 https://t.co/odsellkikz	2020-04-18	http://dlvr.it/RV1QG4	Apple Inc.
apple is giving free e-books and audiobooks to people in the us https://t.co/7cbr82sqrh https://t.co/onjqzcx7jq	2020-03-26	http://dlvr.it/RSZW5F	Apple Inc.
apple is reportedly aware of flaky personal hotspots in ios 13 https://t.co/k45vxeaab5 https://t.co/5zkoirfegq	2020-03-25	http://dlvr.it/RSYpwq	Apple Inc.
apple’s shutter button case highlights the power of software control https://t.co/ylhc2uswc2 https://t.co/tfq2agdzdq	2020-03-23	http://dlvr.it/RSNJPq	Apple Inc.
apple reopens 42 china stores following coronavirus closures https://t.co/qt5ttbn0sx https://t.co/y2nl6ubmjq	2020-03-15	http://dlvr.it/RRxjkm	Apple Inc.
netflix, apple reportedly pull out of sxsw 2020 https://t.co/igbsadh8oh https://t.co/bzb5hkb4gn	2020-03-07	http://dlvr.it/RRS88f	Apple Inc.
'crossy road' follow-up comes to apple arcade with a focus on co-op play https://t.co/jkgnv33lsw https://t.co/wcq8zibxkg	2020-03-01	http://dlvr.it/RR3Jfy	Apple Inc.
apple's revenue is taking a hit as coronavirus creates 'supply constraints' on iphone https://t.co/8ut47z9l5u https://t.co/5to09lyxkw	2020-02-21	http://dlvr.it/RQS5TJ	Apple Inc.
watch the first trailer for ‘amazing stories,’ steven spielberg’s apple tv plus show https://t.co/ygmoaopmm4 https://t.co/ob5mwcrv2r	2020-02-20	http://dlvr.it/RQR7Kv	Apple Inc.
amazon is selling kindles at black friday prices https://t.co/zghwb0q7p3 https://t.co/0uelrwitbh	2020-01-16	http://dlvr.it/RN7f6r	Apple Inc.
some nyc subway riders are accidentally getting double-charged because of apple pay https://t.co/qtnfi0i2fq https://t.co/va73mzbptb	2020-01-12	http://dlvr.it/RMwDYv	Apple Inc.
apple's rare ces appearance was another privacy pitch https://t.co/a1yxhdkmha https://t.co/97m3emajgg	2020-01-10	http://dlvr.it/RMqD91	Apple Inc.
apple signs former hbo chief to a five-year deal https://t.co/cmyjwej4qw https://t.co/nug4zcpuwi	2020-01-05	http://dlvr.it/RMThZF	Apple Inc.
apple's app store holiday giveaway starts today https://t.co/w0cs4kne3s https://t.co/wqewhfui6b	2019-12-27	http://dlvr.it/RM05l7	Apple Inc.
apple's first ces appearance in 28 years is all about privacy https://t.co/pvfbfkb7ki https://t.co/9r6hwayxw9	2019-12-12	http://dlvr.it/RL9N8y	Apple Inc.
apple may offer tighter ios parental controls this week https://t.co/pchf4oimzx https://t.co/ij0hg9aypx	2019-12-11	http://dlvr.it/RL6KtM	Apple Inc.
apple explains why the iphone 11 is always checking your location https://t.co/rjtvoicfjv https://t.co/igk9dgfxnw	2019-12-08	http://dlvr.it/RKvJyf	Apple Inc.
apple unveils the most popular iphone apps of 2019 https://t.co/mqdd6qncjx https://t.co/sympsaqfcr	2019-12-05	http://dlvr.it/RKlb0B	Apple Inc.
apple will take a 'deeper look' at disputed borders in maps https://t.co/derawtsumi https://t.co/kxxwhghinv	2019-12-03	http://dlvr.it/RKYp3f	Apple Inc.
facebook's portal devices are each $50 off for black friday https://t.co/hfkt64giy8 https://t.co/bdzqosvfse	2019-12-01	http://dlvr.it/RKRZGy	Apple Inc.
the sensel morph creative touchpad is discounted for black friday https://t.co/m6bxzmgwpn https://t.co/w43t5ezrnj	2019-11-29	http://dlvr.it/RKNHPl	Apple Inc.
apple’s holiday commercial is a live-action version of the saddest scene in up https://t.co/2xtbrvwims https://t.co/8qdb3iknra	2019-11-28	http://dlvr.it/RKGsw2	Apple Inc.
playstation 4 pro with 'modern warfare' drops to $300 before black friday https://t.co/g7uj0rfj5s https://t.co/be01ha0w4b	2019-11-27	http://dlvr.it/RKB910	Apple Inc.
apple removes customer reviews from its online store https://t.co/diyuzhnmfg https://t.co/pbjiqgkcvu	2019-11-24	http://dlvr.it/RK0fy0	Apple Inc.
apple's latest ios 13 update fixes mail, background download glitches https://t.co/1z246xkgvd https://t.co/1er9kxojdd	2019-11-21	http://dlvr.it/RJplJ6	Apple Inc.
if you wait until black friday, you may miss out on these deals https://t.co/vouofoq8bp https://t.co/a2hluezkib	2019-11-21	http://dlvr.it/RJnvmW	Apple Inc.
apple store worker texts himself woman's 'extremely personal' photo after she takes phone in for repair… https://t.co/nilk3kubly	2019-11-16	https://twitter.com/i/web/status/1195595998568992769	Apple Inc.
apple unveils trailer for tv+ movie 'the banker' with samuel l. jackson https://t.co/lmcs3fh0xx https://t.co/ip9wkxomtm	2019-11-07	http://dlvr.it/RHqs4g	Apple Inc.
airpods pro will scan your ears to tell you if they fit correctly, says apple https://t.co/zj4yxgewlp https://t.co/xlygkkze0k	2019-10-31	http://dlvr.it/RHJz2L	Apple Inc.
apple's former insider trading watchdog indicted for... insider trading https://t.co/nfogchqvn4 https://t.co/jdstmxbvre	2019-10-27	http://dlvr.it/RH4kCh	Apple Inc.
apple removes app that allowed hong kong protesters to track police, bowing to pressure from chinese state media… https://t.co/zubk4yrmay	2019-10-13	https://twitter.com/i/web/status/1183207490806136834	Apple Inc.
apple removes quartz news app from the chinese app store over hong kong coverage https://t.co/xtxkjqhzl7 https://t.co/cru2j9jdso	2019-10-12	http://dlvr.it/RG4M1x	Apple Inc.
apple gets us approval for mac pro tariff exemptions https://t.co/thdoipvkmh https://t.co/hyeovuwzmr	2019-09-24	http://dlvr.it/RDp1Qd	Apple Inc.
using the apple card at t-mobile stores will earn you 3 percent cash back starting friday https://t.co/jopdjnrmk4 https://t.co/qt63ooiahy	2019-09-22	http://dlvr.it/RDcVJp	Apple Inc.
apple is trying to trademark ‘slofie’ https://t.co/uzrcnlguas https://t.co/zdfbcv64n1	2019-09-21	http://dlvr.it/RDYmWW	Apple Inc.
initial creative emmy winners include apple, netflix and nasa https://t.co/bzmmczzsbd https://t.co/s43d2fqljn	2019-09-18	http://dlvr.it/RDNHcx	Apple Inc.
disney ceo bob iger has resigned from apple’s board https://t.co/vkiztuptae https://t.co/07avdjr2xq	2019-09-16	http://dlvr.it/RDDPlC	Apple Inc.
apple watch series 5 has an always-on display and comes in titanium or ceramic finishes https://t.co/7epc84gyxe https://t.co/8rgowjutdk	2019-09-13	http://dlvr.it/RD0pyW	Apple Inc.
apple lands 'dads' documentary from bryce dallas howard https://t.co/zijf1a8kmx https://t.co/rnzqpvolwj	2019-09-11	http://dlvr.it/RCsLc0	Apple Inc.
apple music launches on the web https://t.co/nbhmuxkwmp https://t.co/jtedlnutwf	2019-09-08	http://dlvr.it/RCjRls	Apple Inc.
apple cancels its first major tv series, bastards https://t.co/nkjjjblymg https://t.co/3wazilnbzx	2019-09-06	http://dlvr.it/RCcR7p	Apple Inc.
tariffs hit apple and other tech companies tomorrow https://t.co/4unc9oeqeh https://t.co/vmodfdk6mj	2019-09-03	http://dlvr.it/RCMc0f	Apple Inc.
microsoft's surface duo will cost $1,399 and arrive on september 10th https://t.co/lihrnzsryn https://t.co/myr4wn9lcp	2020-08-15	http://dlvr.it/RdgvHc	Microsoft Corporation
tiktok ban - live: trump administration promises 'action' on app as microsoft in takeover talks… https://t.co/r73bl3cva9	2020-08-06	https://twitter.com/i/web/status/1291198948799942657	Microsoft Corporation
the nba is using microsoft teams to bring basketball fans courtside https://t.co/sfepgu4f23 https://t.co/w3jv1bniyq	2020-07-27	http://dlvr.it/RcT5tK	Microsoft Corporation
microsoft rolls out outlook desktop crash fix https://t.co/jezuabixvt https://t.co/ssvdpu7lbr	2020-07-18	http://dlvr.it/Rbtxbj	Microsoft Corporation
microsoft and google team up to bring more web apps to the play store https://t.co/85tscq7vkp https://t.co/nhoknvxygg	2020-07-14	http://dlvr.it/Rbd7KF	Microsoft Corporation
microsoft's latest windows 10 updates come with nasty printer bugs https://t.co/cdnbducauz https://t.co/x6bidg0v3h	2020-06-16	http://dlvr.it/RYmkVz	Microsoft Corporation
gift yourself a new microsoft surface pro (from 2017) on sale for $200 off https://t.co/viu3hsk69z https://t.co/hbkgkhtquj	2020-06-11	http://dlvr.it/RYS3MZ	Microsoft Corporation
microsoft build 2020: all the biggest announcements from annual developer conference https://t.co/ljf6q8bjvj https://t.co/vpjbgorglr	2020-05-23	http://dlvr.it/RXDZ7L	Microsoft Corporation
surface go 2 review: microsoft's tiny pc is only a tiny bit better https://t.co/0ycsyaa4fk https://t.co/ohcn3fjebz	2020-05-11	http://dlvr.it/RWRXP7	Microsoft Corporation
microsoft opens free registrations for build 2020 https://t.co/26rcmv0net https://t.co/2fyfflboib	2020-05-03	http://dlvr.it/RVxFY7	Microsoft Corporation
microsoft will show off xbox series x gameplay next week https://t.co/xebzastrs6 https://t.co/wybfnjxcvw	2020-05-03	http://dlvr.it/RVx7Df	Microsoft Corporation
microsoft's next surface go could up the screen size to 10.5 inches https://t.co/5zixepqzwg https://t.co/iyft5v2ynu	2020-04-23	http://dlvr.it/RVKrqt	Microsoft Corporation
microsoft's edge browser will add vertical tabs and tracking prevention https://t.co/z7dpdipvo7 https://t.co/ugxepyc6oz	2020-04-02	http://dlvr.it/RT3T4q	Microsoft Corporation
surface pro 7 bundle will save you over $250 https://t.co/p1gm0jw0eg https://t.co/0goqrrdnwl	2020-03-27	http://dlvr.it/RSf452	Microsoft Corporation
microsoft will remove cortana from its android launcher in april https://t.co/ittja6iyoh https://t.co/upkkgxr4jo	2020-03-02	http://dlvr.it/RR6rSV	Microsoft Corporation
microsoft’s defender security software is coming to ios and android https://t.co/vnwhwo34rt https://t.co/vrogcoeq7c	2020-02-23	http://dlvr.it/RQZQDf	Microsoft Corporation
microsoft surface books on sale this weekend: shop 'recertified' and save https://t.co/2ktg6p0izf https://t.co/rrq5wtpy1t	2020-02-19	http://dlvr.it/RQJf4v	Microsoft Corporation
windows 10 search goes blank: pcs stop working properly because of strange microsoft outage https://t.co/behpqhu1mw https://t.co/aiv8w2rapt	2020-02-08	http://dlvr.it/RPczHv	Microsoft Corporation
microsoft tries to improve child abuse detection by opening its xbox chat tool to other companies… https://t.co/idga88za9a	2020-01-17	https://twitter.com/i/web/status/1218317333774524416	Microsoft Corporation
xbox series x: microsoft explains new console's strange name and design https://t.co/xpgtjn1i4v https://t.co/pqhbqkxo6u	2019-12-19	http://dlvr.it/RLYWCG	Microsoft Corporation
xbox series x: new console unveiled by microsoft https://t.co/gzujwck70u https://t.co/8hlqrwtuk5	2019-12-16	http://dlvr.it/RLLbSH	Microsoft Corporation
microsoft planning second next-gen xbox that’s cheaper and less powerful https://t.co/2pnlgvybo0 https://t.co/sycv8innet	2019-12-07	http://dlvr.it/RKrw6Z	Microsoft Corporation
cortana app will stop working on phones in some countries https://t.co/04tcfj4rp1 https://t.co/xfnzu5z8v5	2019-11-19	http://dlvr.it/RJdL2L	Microsoft Corporation
microsoft reveals the future of onenote and it’s all about fluid and desktop https://t.co/wzodp0ykfl https://t.co/gy9smryfe1	2019-11-10	http://dlvr.it/RJ1BCZ	Microsoft Corporation
microsoft starts inviting people to try project xcloud https://t.co/zqmsagvf1k https://t.co/vtmmgqpcyn	2019-10-17	http://dlvr.it/RGPwlT	Microsoft Corporation
sick of waiting for the microsoft surface book 3? its predecessor is now on sale. https://t.co/imcdtkubfj https://t.co/spqhmqssc3	2019-10-13	http://dlvr.it/RG6T0R	Microsoft Corporation
how to choose between the surface pro x and surface pro 7 https://t.co/vvnd7c8n8w https://t.co/jbjfwsfhvc	2019-10-05	http://dlvr.it/RFZmPB	Microsoft Corporation
microsoft's surface laptop 3 may come in a 15-inch model https://t.co/dylggfatrq https://t.co/lrbx8cxlw3	2019-09-17	http://dlvr.it/RDJDbZ	Microsoft Corporation
wunderlist creator wants to buy the app back from microsoft https://t.co/sml165dzsk https://t.co/ke8jvhgkxc	2019-09-11	http://dlvr.it/RCvzQL	Microsoft Corporation
microsoft releases its first preview of powertoys for windows 10 https://t.co/qegxhqtcka https://t.co/0pj92t8kt4	2019-09-09	http://dlvr.it/RCk6vJ	Microsoft Corporation
amazon’s echo buds are back down to their lowest price of $90 https://t.co/spanftuomb https://t.co/4sgklgvgbv	2020-09-03	http://dlvr.it/RftCm1	Amazon.com, Inc.
amazon is liable for defective third-party products, californian court rules https://t.co/vlrdtky5tu https://t.co/lrikragfnq	2020-08-17	http://dlvr.it/Rdmvr9	Amazon.com, Inc.
amazon rebrands twitch prime as prime gaming https://t.co/opmxiqju4o https://t.co/gaacyik24v	2020-08-13	http://dlvr.it/RdY40q	Amazon.com, Inc.
grab a free amazon echo show 5 when you buy an echo studio at best buy https://t.co/tgjeuzirqh https://t.co/qvgr6jnuci	2020-08-12	http://dlvr.it/RdWX0C	Amazon.com, Inc.
amazon gets fcc approval for its project kuiper broadband satellites https://t.co/xyri3aso1d https://t.co/3ccrfwcruf	2020-08-03	http://dlvr.it/Rct7rV	Amazon.com, Inc.
the antitrust case against amazon just got stronger https://t.co/dsy60lae4v https://t.co/a9j78de8wi	2020-08-02	http://dlvr.it/RcsQPt	Amazon.com, Inc.
beats solo pro with active noise cancellation are still $70 off at amazon https://t.co/2l6ahjkofk https://t.co/nushxxwezt	2020-07-30	http://dlvr.it/Rcdqd1	Amazon.com, Inc.
amazon’s new smart shopping cart lets you check out without a cashier https://t.co/eu1cisdssr https://t.co/pnwptmvtqv	2020-07-17	http://dlvr.it/RbnLFf	Amazon.com, Inc.
first crucible, now new world: amazon delays another tentpole game after early feedback https://t.co/9ul2fiw0ba https://t.co/uve6prdhhs	2020-07-13	http://dlvr.it/RbXm1s	Amazon.com, Inc.
amazon's 'the boys' returns september 4th with weekly episode releases https://t.co/mjrounkdhx https://t.co/mwoega5gct	2020-06-30	http://dlvr.it/RZdgDT	Amazon.com, Inc.
this week's best deals: apple watch series 5, echo dot and more https://t.co/0bx6fergs3 https://t.co/fze9mp2wjx	2020-06-29	http://dlvr.it/RZc77B	Amazon.com, Inc.
amazon invests $2 billion in its clean energy fund https://t.co/knof4bckux https://t.co/nyubkknnlp	2020-06-26	http://dlvr.it/RZRBxl	Amazon.com, Inc.
amazon will stop supporting its dash wand shopping device on july 21st https://t.co/mhr9mfxdgd https://t.co/yl4qsnuzmc	2020-06-24	http://dlvr.it/RZJSXG	Amazon.com, Inc.
apple's airpods are at their lowest-ever price on amazon https://t.co/kbsrdmnbvr https://t.co/nrt66if8ve	2020-06-18	http://dlvr.it/RYwKXl	Amazon.com, Inc.
3m sues amazon storefront that allegedly sold fake n95 masks for $23 apiece https://t.co/b27mexhfzd https://t.co/cd9eqaqips	2020-06-12	http://dlvr.it/RYWVfl	Amazon.com, Inc.
elon musk tweets 'time to break up amazon' in defense of coronavirus skeptic https://t.co/rtdj4sachm https://t.co/ywnttiqxns	2020-06-07	http://dlvr.it/RY9RXC	Amazon.com, Inc.
amazon pulls racist images from airpods listings https://t.co/trpok2blge https://t.co/it0g7mhayz	2020-06-03	http://dlvr.it/RXwPq6	Amazon.com, Inc.
amazon sellers use 'collectible' label to dodge price gouging rules https://t.co/ohfsqowmxo https://t.co/d8pnwmeuwd	2020-06-03	http://dlvr.it/RXspQK	Amazon.com, Inc.
amazon won't support hbo max without prime video channels tie-in https://t.co/2ss8ujbfaf https://t.co/ftpbmtvzhb	2020-05-30	http://dlvr.it/RXgpTl	Amazon.com, Inc.
amazon reportedly delays prime day until september https://t.co/40hm0dvo66 https://t.co/9xukt2myj7	2020-05-24	http://dlvr.it/RXGpD1	Amazon.com, Inc.
amazon's free-to-play shooter 'crucible' is now available on steam https://t.co/zmednfo9tc https://t.co/zac7yp0em7	2020-05-24	http://dlvr.it/RXFDjt	Amazon.com, Inc.
amazon will start reopening french warehouses on may 19th https://t.co/nwth54zwnh https://t.co/mhkscqdsfq	2020-05-19	http://dlvr.it/RWzQkb	Amazon.com, Inc.
amazon fire tv interface makes it easier to find free content https://t.co/mpnuhbprpb https://t.co/gonipedpyx	2020-05-16	http://dlvr.it/RWlgW2	Amazon.com, Inc.
amazon asks workers to request leave if they continue staying at home https://t.co/gcfwlnfnvw https://t.co/xgk4x4tumo	2020-04-28	http://dlvr.it/RVf2KB	Amazon.com, Inc.
amazon's echo speaker drops to $60 at best buy https://t.co/ntnfuaqkwt https://t.co/jm6cxb5yda	2020-04-13	http://dlvr.it/RTj5SV	Amazon.com, Inc.
amazon reportedly in talks to test warehouse workers for covid-19 https://t.co/nfit1tcwse https://t.co/9pq3typfrw	2020-04-07	http://dlvr.it/RTLryX	Amazon.com, Inc.
quarantine streaming is changing the definition of 'primetime' tv https://t.co/ghpr6xo3np https://t.co/kjbor46xvh	2020-04-03	http://dlvr.it/RT7B0h	Amazon.com, Inc.
amazon offers warehouse workers higher pay to handle prime now groceries https://t.co/zaxlk1xtfc https://t.co/ak8n8msusy	2020-03-31	http://dlvr.it/RSt5ZF	Amazon.com, Inc.
amazon warehouse workers in u.s. have tested positive for coronavirus https://t.co/rrtgi5ucuo https://t.co/ulsvgydztw	2020-03-29	http://dlvr.it/RSnQsk	Amazon.com, Inc.
amazon to start paying us warehouse workers double time for all overtime hours https://t.co/x40ausvex8 https://t.co/dejqnc0u9g	2020-03-24	http://dlvr.it/RSRfnr	Amazon.com, Inc.
coronavirus: amazon sells out of toilet paper and other essentials amid panic buying https://t.co/kwpe52zwnc https://t.co/zrtzabsbqf	2020-03-19	http://dlvr.it/RSBn8b	Amazon.com, Inc.
jeff bezos commits $10 billion to fight climate change https://t.co/aremywclkx https://t.co/teimg0505k	2020-02-20	http://dlvr.it/RQQxmD	Amazon.com, Inc.
amazon echo show now scans barcodes for your grocery list https://t.co/orpkazi1m9 https://t.co/9qculuoeys	2020-02-04	http://dlvr.it/RPNSJP	Amazon.com, Inc.
jeff bezos' leaked text messages may have come from his girlfriend https://t.co/3jd7q1greg https://t.co/7wtjaufy8p	2020-01-28	http://dlvr.it/RNwq9B	Amazon.com, Inc.
facebook official struggles to explain bezos' whatsapp hack https://t.co/oenyipsmqd https://t.co/norghsqz9d	2020-01-27	http://dlvr.it/RNs96k	Amazon.com, Inc.
guardian: saudi prince’s account used to hack jeff bezos via whatsapp https://t.co/37adezqgex https://t.co/9hwuf0xb86	2020-01-24	http://dlvr.it/RNhZTG	Amazon.com, Inc.
amazon may get law enforcement involved in more counterfeit cases https://t.co/mefvbpssc3 https://t.co/jgspszbcwp	2020-01-17	http://dlvr.it/RNBt93	Amazon.com, Inc.
amazon is selling kindles at black friday prices https://t.co/zghwb0q7p3 https://t.co/0uelrwitbh	2020-01-16	http://dlvr.it/RN7f6r	Amazon.com, Inc.
children's smartwatches sold on amazon let strangers spy on them, researchers warn https://t.co/zjhgegdtcg https://t.co/bt9ipga7nz	2019-12-15	http://dlvr.it/RLJTRk	Amazon.com, Inc.
whistle gps trackers make great gifts for dog owners, are 50% off on amazon https://t.co/hap8ph6ruh https://t.co/luenomp05n	2019-12-14	http://dlvr.it/RLHSCV	Amazon.com, Inc.
amazon claims trump's 'personal vendetta' cost it $10 billion pentagon contract https://t.co/hrkumrmvvo https://t.co/1o1msh20os	2019-12-12	http://dlvr.it/RL74d1	Amazon.com, Inc.
jeff bezos: us is in 'big trouble' if big tech rejects military contracts https://t.co/xvewjui6sf https://t.co/ytgamd6vvc	2019-12-11	http://dlvr.it/RL5cF5	Amazon.com, Inc.
amazon launches new battery-powered echo exclusively for india https://t.co/bcfzpgzv2v https://t.co/1yybdqnvqy	2019-12-07	http://dlvr.it/RKqDgQ	Amazon.com, Inc.
amazon designs faster arm-based chips for its cloud servers https://t.co/ajouzivpd1 https://t.co/0phgsheuq7	2019-12-01	http://dlvr.it/RKTjkn	Amazon.com, Inc.
facebook's portal devices are each $50 off for black friday https://t.co/hfkt64giy8 https://t.co/bdzqosvfse	2019-12-01	http://dlvr.it/RKRZGy	Amazon.com, Inc.
the sensel morph creative touchpad is discounted for black friday https://t.co/m6bxzmgwpn https://t.co/w43t5ezrnj	2019-11-29	http://dlvr.it/RKNHPl	Amazon.com, Inc.
playstation 4 pro with 'modern warfare' drops to $300 before black friday https://t.co/g7uj0rfj5s https://t.co/be01ha0w4b	2019-11-27	http://dlvr.it/RKB910	Amazon.com, Inc.
amazon reportedly plans bigger cashierless supermarkets for 2020 https://t.co/tlg63aohql https://t.co/hmbzspdaa7	2019-11-23	http://dlvr.it/RJvQ1q	Amazon.com, Inc.
if you wait until black friday, you may miss out on these deals https://t.co/vouofoq8bp https://t.co/a2hluezkib	2019-11-21	http://dlvr.it/RJnvmW	Amazon.com, Inc.
amazon orders william gibson series from the creators of 'westworld' https://t.co/dev66ssq3w https://t.co/t3pqg87ymr	2019-11-16	http://dlvr.it/RJQpdp	Amazon.com, Inc.
amazon sellers are shipping long-expired food https://t.co/0ycr1qopbk https://t.co/xktghyy8al	2019-10-23	http://dlvr.it/RGprxk	Amazon.com, Inc.
walmart will take on amazon with discounted third-party products https://t.co/bisgioo9ui https://t.co/k8zliyn2hx	2019-10-18	http://dlvr.it/RGQzPW	Amazon.com, Inc.
to use alexa, you have to trust amazon https://t.co/xee8txuinn https://t.co/cumeb09sxj	2019-09-29	http://dlvr.it/RF6STG	Amazon.com, Inc.
using amazon’s echo loop ring is like whispering a secret to alexa https://t.co/knismueqqv https://t.co/aga1q5nx4g	2019-09-28	http://dlvr.it/RF5Rc7	Amazon.com, Inc.
amazon’s new echo loop puts alexa in a discreet smart ring https://t.co/aqbz4axf93 https://t.co/khuqj6xwlq	2019-09-28	http://dlvr.it/RF3mnW	Amazon.com, Inc.
amazon will reportedly pay fleabag creator tens of millions of dollars for three-year deal https://t.co/rtestg4ks5 https://t.co/kfpjufodgv	2019-09-27	http://dlvr.it/RF07GM	Amazon.com, Inc.
amazon is selling kindles at black friday prices https://t.co/zghwb0q7p3 https://t.co/0uelrwitbh	2020-01-16	http://dlvr.it/RN7f6r	
facebook's portal devices are each $50 off for black friday https://t.co/hfkt64giy8 https://t.co/bdzqosvfse	2019-12-01	http://dlvr.it/RKRZGy	
the sensel morph creative touchpad is discounted for black friday https://t.co/m6bxzmgwpn https://t.co/w43t5ezrnj	2019-11-29	http://dlvr.it/RKNHPl	
playstation 4 pro with 'modern warfare' drops to $300 before black friday https://t.co/g7uj0rfj5s https://t.co/be01ha0w4b	2019-11-27	http://dlvr.it/RKB910	
if you wait until black friday, you may miss out on these deals https://t.co/vouofoq8bp https://t.co/a2hluezkib	2019-11-21	http://dlvr.it/RJnvmW	
alibaba singles day kicked off with taylor swift and a huge, new sales record https://t.co/ghnmzn2jyr https://t.co/brbzrhbcir	2019-11-13	http://dlvr.it/RJCxVR	
google’s android tv dongle could cost just $50, according to this leak https://t.co/9puteeu56m https://t.co/pehuokberm	2020-09-03	http://dlvr.it/Rfx5fD	Alphabet Inc.
google photos on ios can now crop, trim, and add filters to your videos https://t.co/e4vjpqjukf https://t.co/eszqyvif7z	2020-09-03	http://dlvr.it/RfwZN2	Alphabet Inc.
the pandemic backed youtube into a moderation corner. it has the numbers to prove it. https://t.co/kc8rc3l5xe https://t.co/ytqztjdy1d	2020-08-28	http://dlvr.it/RfYQfJ	Alphabet Inc.
google’s android tv dongle could be coming soon https://t.co/tbacaim7vo https://t.co/h95v42lbxf	2020-08-26	http://dlvr.it/RfQBzh	Alphabet Inc.
google tells australians to get mad about proposed media laws in pointed open letter https://t.co/qip2elqld1 https://t.co/upmegrqapf	2020-08-20	http://dlvr.it/RdzWVd	Alphabet Inc.
telegram's one-on-one video calls are live on android and ios https://t.co/vjmpltndjo https://t.co/wr7aevq4pt	2020-08-18	http://dlvr.it/RdtzwK	Alphabet Inc.
how to use google’s free transcription tools https://t.co/861sfuxcjl https://t.co/z7pwrjosb0	2020-08-17	http://dlvr.it/RdqwFC	Alphabet Inc.
google adds re-opening and covid-19 info to travel searches https://t.co/wioefsh43a https://t.co/wvlfcbggto	2020-08-16	http://dlvr.it/RdmBkq	Alphabet Inc.
watch the first trailer for ridley scott's creepy android series on hbo max https://t.co/wkunvn1974 https://t.co/8atq2836o7	2020-08-09	http://dlvr.it/RdH2z5	Alphabet Inc.
security flaw in twitter android app might have exposed direct messages https://t.co/7o7wfpphzx https://t.co/y9bvdkdiws	2020-08-08	http://dlvr.it/RdGC65	Alphabet Inc.
the google pixel 4a vs. the competition: the midrange heats up https://t.co/z7ayoh523j https://t.co/twjwwfbsir	2020-08-06	http://dlvr.it/Rd7cVY	Alphabet Inc.
google tightens its ad misinformation policies ahead of the election https://t.co/thhdpigoiu https://t.co/pgpqkkmphi	2020-08-03	http://dlvr.it/RcxFcr	Alphabet Inc.
google reportedly negotiating with samsung to push assistant over bixby https://t.co/5vluiailrn https://t.co/1go701iacq	2020-08-01	http://dlvr.it/Rcn1PF	Alphabet Inc.
stadia users can now try the service over cellular https://t.co/2xcfkyk11j https://t.co/dibt53ytwp	2020-07-31	http://dlvr.it/Rcm7SD	Alphabet Inc.
google will replace nest thermostats affected by 'w5' wifi error https://t.co/c1bya1b4x5 https://t.co/h5sfiihxi2	2020-07-28	http://dlvr.it/RcVFlx	Alphabet Inc.
google will ban coronavirus conspiracy ads to fight misinformation https://t.co/jvnhfftggu https://t.co/znppqsael3	2020-07-21	http://dlvr.it/Rc2B8r	Alphabet Inc.
microsoft and google team up to bring more web apps to the play store https://t.co/85tscq7vkp https://t.co/nhoknvxygg	2020-07-14	http://dlvr.it/Rbd7KF	Alphabet Inc.
ninja's return to streaming on youtube shows he still has star power https://t.co/1qasiusvef https://t.co/v0iv8n9txh	2020-07-11	http://dlvr.it/RbQSdb	Alphabet Inc.
chrome update may extend your laptop's battery life by up to 2 hours https://t.co/fayscgyvhq https://t.co/bcthrwud4y	2020-07-08	http://dlvr.it/RbD58N	Alphabet Inc.
alphabet-owned verily suspended employee bonuses to fund diversity initiatives https://t.co/1ab2az5rq1 https://t.co/1edcnea3ew	2020-07-03	http://dlvr.it/RZvT8L	Alphabet Inc.
google’s stadia controller finally works wirelessly with android devices https://t.co/hbakm796cc https://t.co/kvdjbmf1xy	2020-07-03	http://dlvr.it/RZsC5M	Alphabet Inc.
google is finally adding virtual backgrounds to meet for education https://t.co/mpibgj7ybn https://t.co/0m7ctz9mia	2020-06-29	http://dlvr.it/RZYbFr	Alphabet Inc.
google adds group video calls to duo and meet on smart displays https://t.co/riy2aicsps https://t.co/it7q9csvkj	2020-06-28	http://dlvr.it/RZXhpp	Alphabet Inc.
google's racial equity push includes $175 million for black businesses https://t.co/4vrvzz9oku https://t.co/sr9xa5eaot	2020-06-20	http://dlvr.it/RZ2GXt	Alphabet Inc.
android 11 beta is now available for oneplus 8 devices https://t.co/gvthillpb1 https://t.co/pauun7nrsg	2020-06-15	http://dlvr.it/RYdhSG	Alphabet Inc.
now all google assistant devices will be able to tell who’s talking to them https://t.co/q8k6rwvqzr https://t.co/jvefd6rold	2020-06-14	http://dlvr.it/RYczCW	Alphabet Inc.
razer’s kishi turns your phone into a nintendo switch that can play google stadia https://t.co/3l1cmr46jc https://t.co/7oce0boysf	2020-06-12	http://dlvr.it/RYT02t	Alphabet Inc.
leak offers an early look at google's rumored android tv dongle https://t.co/zmhyiok6ot https://t.co/5l6jf1cweh	2020-06-05	http://dlvr.it/RY3rtn	Alphabet Inc.
italy's 'immuni' covid-19 contact tracing app uses google, apple tech https://t.co/0h4tlz0wkx https://t.co/jp199l12lv	2020-06-04	http://dlvr.it/RY0LLZ	Alphabet Inc.
the android 11 beta launch event has been postponed https://t.co/2gyhk2den0 https://t.co/bzbrgym5km	2020-06-02	http://dlvr.it/RXp8LG	Alphabet Inc.
google messages may finally be adding end-to-end encryption for rcs https://t.co/khmkvzrk5q https://t.co/hqymcfv2nx	2020-05-26	http://dlvr.it/RXM0vr	Alphabet Inc.
lenovo’s 21.5-inch smart frame gets google photos integration and a discounted indiegogo launch… https://t.co/agu1xa4giq	2020-05-21	https://twitter.com/i/web/status/1263295207778340865	Alphabet Inc.
wsj: google will 'likely' face antitrust lawsuits later this year https://t.co/p2nh3vhvpk https://t.co/vfggjbrgof	2020-05-18	http://dlvr.it/RWvhL9	Alphabet Inc.
lionsgate is streaming 'john wick' for free on youtube at 9 pm et https://t.co/kimdy4umfu https://t.co/dtgok2fgqp	2020-05-11	http://dlvr.it/RWSFlJ	Alphabet Inc.
google's original home smart speaker is on sale for $30 https://t.co/22owfs8zag https://t.co/cxhq3qawjo	2020-05-06	http://dlvr.it/RW5R0b	Alphabet Inc.
google is killing its experimental social network shoelace https://t.co/1kqdcp87id https://t.co/fz4t389nr1	2020-05-01	http://dlvr.it/RVrdGk	Alphabet Inc.
google says government-backed groups are using covid-19 to spread scams https://t.co/ai3t2od4he https://t.co/klrijqpmci	2020-04-25	http://dlvr.it/RVRz4v	Alphabet Inc.
twitter, youtube tv web apps come to play store for chromebooks https://t.co/mmczcdebx4 https://t.co/ykl2qxiu6a	2020-04-16	http://dlvr.it/RTv8ym	Alphabet Inc.
google pixel 4 drops to $449 at best buy https://t.co/v2i45e1ahr https://t.co/msoetbo8uc	2020-04-15	http://dlvr.it/RTrPQ8	Alphabet Inc.
youtube's website is now more tablet-friendly https://t.co/2v7cebyreh https://t.co/tkg08nkhok	2020-04-15	http://dlvr.it/RTnh7G	Alphabet Inc.
google builds an unemployment application portal for new york https://t.co/mgkzoyvowt https://t.co/k82lctupf9	2020-04-13	http://dlvr.it/RTfx9l	Alphabet Inc.
youtube says it will suppress content promoting false 5g coronavirus conspiracy https://t.co/cuivmgj27f https://t.co/7q1oo6uele	2020-04-08	http://dlvr.it/RTQPFX	Alphabet Inc.
google rolls out drive shortcuts ahead of folder structure changes https://t.co/jm1hzzy8aj https://t.co/vmvaqin4te	2020-03-31	http://dlvr.it/RSwQyp	Alphabet Inc.
“with me” videos on youtube are seeing huge spikes in viewership as people stay home https://t.co/pn0fjyjrud https://t.co/cpcioz54eg	2020-03-30	http://dlvr.it/RSsLry	Alphabet Inc.
youtube music brings in-app lyrics to everyone https://t.co/gj04g7h65b https://t.co/j7tafdlwuv	2020-03-28	http://dlvr.it/RSjClb	Alphabet Inc.
senators ask alphabet how it will protect covid-19 screening site data https://t.co/iagx1mmuwc https://t.co/fgkju189as	2020-03-21	http://dlvr.it/RSKKk5	Alphabet Inc.
verily’s coronavirus screening website launches with very limited access https://t.co/9tbx2lqnhm https://t.co/ienfomch1k	2020-03-19	http://dlvr.it/RS8PRd	Alphabet Inc.
google location data led police to investigate an innocent cyclist https://t.co/160m54vc5d https://t.co/yxsolsma6u	2020-03-11	http://dlvr.it/RRhmCb	Alphabet Inc.
google location data turned a random biker into a burglary suspect https://t.co/kftk3kxvhr https://t.co/7fxsimx5s7	2020-03-10	http://dlvr.it/RRd7c5	Alphabet Inc.
twitter users on android can now pin lists to their home feeds https://t.co/gxjuodshqb https://t.co/jhktljgkyn	2020-03-07	http://dlvr.it/RRRdXV	Alphabet Inc.
youtube's tweaks to recommend fewer conspiracy videos seem to be working https://t.co/99m75qgfbu https://t.co/hneegsx5bp	2020-03-06	http://dlvr.it/RRPQVK	Alphabet Inc.
google survey hints at big plans for wear os health tracking https://t.co/t49wsuyrp5 https://t.co/n62lekdlf7	2020-03-03	http://dlvr.it/RR9zv0	Alphabet Inc.
microsoft will remove cortana from its android launcher in april https://t.co/ittja6iyoh https://t.co/upkkgxr4jo	2020-03-02	http://dlvr.it/RR6rSV	Alphabet Inc.
google earth finally works on firefox, edge and opera browsers https://t.co/ofcwoclwys https://t.co/ifmjqpmooa	2020-03-01	http://dlvr.it/RR13Dk	Alphabet Inc.
could you live with this budget android for four years? https://t.co/ctxjjjy2aq https://t.co/qp2e4iym3o	2020-02-29	http://dlvr.it/RQylNj	Alphabet Inc.
google to new huawei owners: use our apps at your own risk https://t.co/cawj0pmoer https://t.co/svlozdqdpp	2020-02-26	http://dlvr.it/RQpWLr	Alphabet Inc.
hbo and hbo max are headed to youtube tv https://t.co/jdhbe8lwbh https://t.co/kxsp5i8ssz	2020-02-23	http://dlvr.it/RQbzjf	Alphabet Inc.
microsoft’s defender security software is coming to ios and android https://t.co/vnwhwo34rt https://t.co/vrogcoeq7c	2020-02-23	http://dlvr.it/RQZQDf	Alphabet Inc.
your google fit stats are now just a swipe away https://t.co/wadyb0ggat https://t.co/tqotk49imc	2020-02-21	http://dlvr.it/RQWCln	Alphabet Inc.
google stadia is coming to samsung, asus, and razer phones on february 20th https://t.co/7ugkfqueou https://t.co/33ngoaogvc	2020-02-21	http://dlvr.it/RQVZNg	Alphabet Inc.
gamesnacks are google’s new html5 games designed for bad internet connections https://t.co/g545d5mpec https://t.co/tx3gxabnmd	2020-02-17	http://dlvr.it/RQCxMT	Alphabet Inc.
android security flaw lets attackers send malware over bluetooth https://t.co/yokob4lruo https://t.co/pclxgqmpyh	2020-02-12	http://dlvr.it/RPw1Yh	Alphabet Inc.
traffic jams in google maps could be spoofed with 99 phones and a little red wagon https://t.co/pqiokb1cge https://t.co/gk41odxign	2020-02-06	http://dlvr.it/RPX7Wt	Alphabet Inc.
man claims he changed cars' routes using google maps 'hack' https://t.co/5knbiysls4 https://t.co/hgvwxki71v	2020-02-06	http://dlvr.it/RPTkxz	Alphabet Inc.
how google assistant changed my bedtime routine https://t.co/ejrqivvpj3 https://t.co/onrtpdo4r8	2020-02-05	http://dlvr.it/RPPzHC	Alphabet Inc.
google earth adds views of outer space on mobile https://t.co/u9znfb5cyw https://t.co/hrjrpjrmhk	2020-02-02	http://dlvr.it/RPChkJ	Alphabet Inc.
engadget giveaway: win a google pixel 3a courtesy of turbotax! https://t.co/mxtfykx3de https://t.co/lzboz0ares	2020-01-31	http://dlvr.it/RP5gl0	Alphabet Inc.
google's pixelbook go is finally available in 'not pink' https://t.co/xqyymup9yg https://t.co/qqeyww4xjy	2020-01-23	http://dlvr.it/RNdYJ0	Alphabet Inc.
huawei's google maps alternative is tomtom https://t.co/iceefwnpvh https://t.co/qqt5cwrwab	2020-01-23	http://dlvr.it/RNZLBB	Alphabet Inc.
some of google’s biggest rivals are taking its side in a supreme court battle https://t.co/j1qqy5yoyq https://t.co/zdzvyoupjn	2020-01-17	http://dlvr.it/RNFK7C	Alphabet Inc.
mike bloomberg has spent nearly $15 million to be in your google search results https://t.co/gauxqwjblm https://t.co/qsllzaaqpn	2020-01-06	http://dlvr.it/RMXnwH	Alphabet Inc.
tax prep companies can’t hide their free filing software from google anymore https://t.co/ysvybsghhi https://t.co/6vl6yy9rav	2020-01-03	http://dlvr.it/RMNhnN	Alphabet Inc.
chrome beta helps you find offline-friendly files in web apps https://t.co/shnthgku17 https://t.co/9ezzmjrjyt	2019-12-24	http://dlvr.it/RLtF8k	Alphabet Inc.
chrome users can control media from a centralized toolbar button https://t.co/jtnyjn4zgq https://t.co/yf2atpzbo5	2019-12-23	http://dlvr.it/RLqmRT	Alphabet Inc.
google chromecast seems like an ideal present, but you'll just confuse the hell out of people… https://t.co/2d5tojyhwe	2019-12-21	https://twitter.com/i/web/status/1208279574523432961	Alphabet Inc.
google resumes chrome 79 update for android after fixing data bug https://t.co/hlgp15ytej https://t.co/asbjd2ycpj	2019-12-20	http://dlvr.it/RLgh0L	Alphabet Inc.
youtube's tougher harassment policy cracks down on hate speech and threats https://t.co/ribto6xf21 https://t.co/xwerubedo2	2019-12-14	http://dlvr.it/RLFk1Z	Alphabet Inc.
google announces the top play store downloads of 2019 https://t.co/tafhfwcxyb https://t.co/kxb8qzqutb	2019-12-06	http://dlvr.it/RKpQP8	Alphabet Inc.
genius sues google over allegedly stolen song lyrics https://t.co/hzqbkqpwpp https://t.co/85juevjmw4	2019-12-06	http://dlvr.it/RKmJVk	Alphabet Inc.
google assistant’s latest feature is a personalized audio news feed https://t.co/6iqfdetdkd https://t.co/8ki9dzboze	2019-11-22	http://dlvr.it/RJqfnv	Alphabet Inc.
google is reportedly gathering health data on millions of americans https://t.co/hp22eulcak https://t.co/tch5rq46ft	2019-11-14	http://dlvr.it/RJJ07b	Alphabet Inc.
youtube says it can shut down accounts if they don't make enough money in new update to terms… https://t.co/4tnlr7a0tm	2019-11-14	https://twitter.com/i/web/status/1194871221784985600	Alphabet Inc.
google's cybersecurity project 'chronicle' is in trouble https://t.co/zpcm6hqppf https://t.co/lzyvzxi2cg	2019-11-12	http://dlvr.it/RJ8NWl	Alphabet Inc.
alphabet's board is investigating how sexual misconduct claims were handled https://t.co/hgusouy3ow https://t.co/rvhtdstiwb	2019-11-09	http://dlvr.it/RHzCP2	Alphabet Inc.
youtube streamers have another way to make money: selling stickers https://t.co/p9vjzrsvom https://t.co/yguvf6jm63	2019-11-08	http://dlvr.it/RHsSrN	Alphabet Inc.
google wants to give doctors web-like searches for medical records https://t.co/9lvlo4e3tp https://t.co/kcyipdx9xo	2019-11-06	http://dlvr.it/RHjGBB	Alphabet Inc.
now hulu subscribers can download and watch offline on android https://t.co/um1yulpn8p https://t.co/rykmgpgecd	2019-11-03	http://dlvr.it/RHYCf5	Alphabet Inc.
trick allows rcs messaging on virtually any android phone https://t.co/vzqnjhr3m6 https://t.co/qi7h1tifxj	2019-10-30	http://dlvr.it/RHJ8Yv	Alphabet Inc.
spotify is giving free google home minis to all spotify premium users https://t.co/govdb1kzas https://t.co/h2s1lpbb1u	2019-10-26	http://dlvr.it/RGzyXT	Alphabet Inc.
hulu’s offline downloads come to android today https://t.co/xayiajfwk8 https://t.co/iux1my5wrg	2019-10-25	http://dlvr.it/RGwJVb	Alphabet Inc.
samsung won't support linux on dex once android 10 arrives https://t.co/sz3cxtoaox https://t.co/zdex59htij	2019-10-22	http://dlvr.it/RGkjQ6	Alphabet Inc.
google unveils new high-end chromebook with colorful, grippy bottom https://t.co/vdtlcqyu9c https://t.co/ttme3fqzqb	2019-10-18	http://dlvr.it/RGTZM8	Alphabet Inc.
google revealed to be funding climate deniers https://t.co/3ziusun7yk https://t.co/mtldrjwdhw	2019-10-14	http://dlvr.it/RG7kqs	Alphabet Inc.
google gives its android office apps a fresher, more consistent look https://t.co/sjp6qcdzx9 https://t.co/uxv8ibdnch	2019-10-10	http://dlvr.it/RFxWKy	Alphabet Inc.
google faces scrutiny from congress, doj over plans to encrypt dns https://t.co/i76qmiuep8 https://t.co/ajiyp2ws91	2019-10-02	http://dlvr.it/RFMlrL	Alphabet Inc.
tesla starts rolling out biggest software update ever with spotify, netflix, youtube, and more… https://t.co/kzzszptqn8	2019-09-29	https://twitter.com/i/web/status/1178384713934725121	Alphabet Inc.
google and jennifer lopez reinvent the versace dress that created google images https://t.co/zqs9qudgx4 https://t.co/evz8dglcmt	2019-09-25	http://dlvr.it/RDtXFR	Alphabet Inc.
lilly singh’s nbc series debut proves late night tv and youtube need each other https://t.co/aldqb2enno https://t.co/2ck99uvqzy	2019-09-20	http://dlvr.it/RDXJbL	Alphabet Inc.
decades-old missing person case solved with google earth photos https://t.co/ivq0jimggn https://t.co/cnowkm0hnh	2019-09-17	http://dlvr.it/RDK3bz	Alphabet Inc.
tech gadgets on sale: shop chromebooks, mac minis, bluetooth speakers, and more https://t.co/lx2vombf3h https://t.co/qnwvz1an4h	2019-09-17	http://dlvr.it/RDFR5Y	Alphabet Inc.
google will pay $550 million after french investigation over dodged taxes https://t.co/appmgb0wvo https://t.co/ruh9fktzdo	2019-09-15	http://dlvr.it/RD6sC8	Alphabet Inc.
google assistant on pixel 4 may handle calls while you're on hold https://t.co/yysao7bohu https://t.co/k5ka429pdk	2019-09-11	http://dlvr.it/RCvpND	Alphabet Inc.
google’s discover feed faces climate change controversy https://t.co/cavieqolgk https://t.co/1byu6bs7ui	2019-09-09	http://dlvr.it/RCmVMW	Alphabet Inc.
android security flaw: more than 1bn phones could be hacked with single text message https://t.co/486kbmolog https://t.co/ezpwsq495o	2019-09-08	http://dlvr.it/RCh092	Alphabet Inc.
youtube changes community translation system to contain trolls https://t.co/ds7u4aaywa https://t.co/xiirjap4eo	2019-09-05	http://dlvr.it/RCXy1t	Alphabet Inc.
android 10 is likely coming to pixels on september 3rd https://t.co/n6q1tps27g https://t.co/zgbm46vubg	2019-09-05	http://dlvr.it/RCVfnw	Alphabet Inc.
samsung says its latest mobile memory is a production breakthrough https://t.co/ogojutzuyo https://t.co/r486eu0ze9	2020-09-02	http://dlvr.it/RfpY0g	Samsung Electronics Co., Ltd.
samsung uk lists, then pulls, galaxy z fold2 for £1,799 ahead of official launch https://t.co/sbgp5lr61k https://t.co/smjg5s5s8c	2020-08-30	http://dlvr.it/RffZQr	Samsung Electronics Co., Ltd.
ifixit’s galaxy buds live teardown shows that even samsung calls them beans https://t.co/5ujhu65blk https://t.co/nwzyqjzwjk	2020-08-15	http://dlvr.it/Rdk7pv	Samsung Electronics Co., Ltd.
nreal light mixed reality glasses launch in korea with the galaxy note 20 https://t.co/yi9ohnxuio https://t.co/nk34p25drg	2020-08-14	http://dlvr.it/RdcQVK	Samsung Electronics Co., Ltd.
samsung is launching a 5g version of the galaxy a51 in the us this week https://t.co/fdscywxjfk https://t.co/wyoeonmlob	2020-08-07	http://dlvr.it/RdCTNT	Samsung Electronics Co., Ltd.
samsung galaxy note 20 event: all the latest rumors, news, and more https://t.co/klylcj8t1n https://t.co/u8gordnt2q	2020-08-07	http://dlvr.it/Rd98nw	Samsung Electronics Co., Ltd.
samsung looks forward to quantum dot tvs, new game systems and phones https://t.co/d5zbscdgwy https://t.co/tlgq7furlv	2020-08-01	http://dlvr.it/RcqKrz	Samsung Electronics Co., Ltd.
google reportedly negotiating with samsung to push assistant over bixby https://t.co/5vluiailrn https://t.co/1go701iacq	2020-08-01	http://dlvr.it/Rcn1PF	Samsung Electronics Co., Ltd.
samsung galaxy note 20 shown off in most detailed leak yet https://t.co/95hprtk7eh https://t.co/wi1jh6m5aw	2020-07-23	http://dlvr.it/Rc9tgp	Samsung Electronics Co., Ltd.
samsung cuts weight and calorie intake tracking from its health app https://t.co/amwm9fc7jt https://t.co/k1azswo7vq	2020-07-22	http://dlvr.it/Rc8trl	Samsung Electronics Co., Ltd.
leaked specs show the galaxy tab s7+ could include a massive battery https://t.co/vru23wni4q https://t.co/qrudtrletz	2020-07-12	http://dlvr.it/RbTZsB	Samsung Electronics Co., Ltd.
samsung will skip ifa in september to hold its own virtual event https://t.co/x5pi6jxwuo https://t.co/614cf0mvyl	2020-07-04	http://dlvr.it/RZwJpX	Samsung Electronics Co., Ltd.
vivo overtakes samsung in indian smartphone sales https://t.co/dhpb2zlsso https://t.co/1va9tpi4oq	2020-04-30	http://dlvr.it/RVk6Zz	Samsung Electronics Co., Ltd.
samsung no longer syncs keyboard data between phones https://t.co/1f2dtka06v https://t.co/xltfxczvmy	2020-04-22	http://dlvr.it/RVGn0k	Samsung Electronics Co., Ltd.
samsung pulls galaxy s20 ultra update following glitches https://t.co/tmsplrdx72 https://t.co/alhp6rpano	2020-04-22	http://dlvr.it/RVG4Nz	Samsung Electronics Co., Ltd.
windows 10 now supports wireless file transfers to and from samsung phones https://t.co/yvdvzaq3jc https://t.co/vhpwotgdu1	2020-04-16	http://dlvr.it/RTsK4V	Samsung Electronics Co., Ltd.
samsung is donating 2,000 glove-friendly phones to nhs workers https://t.co/litrlmcefk https://t.co/5js9np6rkg	2020-04-11	http://dlvr.it/RTcHtP	Samsung Electronics Co., Ltd.
samsung’s profits are slightly up during the covid-19 outbreak https://t.co/ozhu4a8lbm https://t.co/slfqoijfu1	2020-04-10	http://dlvr.it/RTVyc2	Samsung Electronics Co., Ltd.
samsung now makes ultra-curved monitors for offices as well as gamers https://t.co/byxedosfhf https://t.co/nupassdgv2	2020-03-07	http://dlvr.it/RRPn3H	Samsung Electronics Co., Ltd.
google stadia is coming to samsung, asus, and razer phones on february 20th https://t.co/7ugkfqueou https://t.co/33ngoaogvc	2020-02-21	http://dlvr.it/RQVZNg	Samsung Electronics Co., Ltd.
the galaxy z flip's glass screen isn't very durable https://t.co/z8s51ner1n https://t.co/ujo0cf5sej	2020-02-19	http://dlvr.it/RQMPdq	Samsung Electronics Co., Ltd.
galaxy z flip teardown video looks inside samsung's latest foldable https://t.co/vwfrrkkf6t https://t.co/qurarfe9xe	2020-02-17	http://dlvr.it/RQDbHS	Samsung Electronics Co., Ltd.
how they compare: samsung galaxy s20 vs. iphone 11 pro https://t.co/0kb5oqp1zq https://t.co/jrcgni0fhc	2020-02-14	http://dlvr.it/RQ3wC6	Samsung Electronics Co., Ltd.
samsung's galaxy s20 cameras: ai tools and gimmicky zooms https://t.co/7mskwkbf9r https://t.co/yqnojk5li7	2020-02-14	http://dlvr.it/RQ3DkP	Samsung Electronics Co., Ltd.
video leak appears to show samsung's foldable galaxy z flip in action https://t.co/ulqu2jevdq https://t.co/urdna5pjxt	2020-02-05	http://dlvr.it/RPS9cX	Samsung Electronics Co., Ltd.
sprint will fix anyone's cracked samsung galaxy screen for $49 https://t.co/qvd0m5lg60 https://t.co/uhofns4knp	2020-01-26	http://dlvr.it/RNpGLl	Samsung Electronics Co., Ltd.
leaked photos reveal the galaxy s20 ahead of samsung unpacked 2020 https://t.co/gr0agkmrys https://t.co/d8vknczxke	2020-01-15	http://dlvr.it/RN67sg	Samsung Electronics Co., Ltd.
today’s best deals are on these samsung, motorola, and oneplus phones https://t.co/jcyiyuxtgz https://t.co/0bpjbop4hv	2020-01-12	http://dlvr.it/RMvhfx	Samsung Electronics Co., Ltd.
samsung's rolling robot ballie is like your own personal bb-8 https://t.co/xeduezs4w2 https://t.co/dksk3fqwgw	2020-01-10	http://dlvr.it/RMm9pv	Samsung Electronics Co., Ltd.
samsung's mysterious 'artificial human' project neon creates lifelike ai https://t.co/hurj0edry5 https://t.co/nau3gm9tbb	2020-01-09	http://dlvr.it/RMl5Lh	Samsung Electronics Co., Ltd.
samsung's zero-bezel 8k tv is real https://t.co/qjqnewx5z8 https://t.co/ieuvtigjgd	2020-01-07	http://dlvr.it/RMcnkQ	Samsung Electronics Co., Ltd.
samsung's newest experiments include hands-free typing and a scalp scanner https://t.co/prmx4vv5ua https://t.co/texakiickv	2019-12-31	http://dlvr.it/RMDg5L	Samsung Electronics Co., Ltd.
samsung may name its next flagship the galaxy s20 because 2020 https://t.co/q6qc9f0cgd https://t.co/ezbs8boj8b	2019-12-29	http://dlvr.it/RM6gjZ	Samsung Electronics Co., Ltd.
samsung gets closer to building 'qd-oled' tvs that rival lg's oled https://t.co/0emwe2gp6v https://t.co/tffjrbnrfi	2019-12-01	http://dlvr.it/RKTBGL	Samsung Electronics Co., Ltd.
samsung won't support linux on dex once android 10 arrives https://t.co/sz3cxtoaox https://t.co/zdex59htij	2019-10-22	http://dlvr.it/RGkjQ6	Samsung Electronics Co., Ltd.
best 4k tv deals this week: lg, vizio, samsung, and more https://t.co/ih3ts9e3ra https://t.co/4xi01rpwcz	2019-10-17	http://dlvr.it/RGMPLn	Samsung Electronics Co., Ltd.
samsung's galaxy a90 5g delivers specs and super-fast connectivity https://t.co/1uw10h3dvc https://t.co/7jcto0ecfv	2019-09-06	http://dlvr.it/RCYrt2	Samsung Electronics Co., Ltd.
leaks show off nvidia rtx 3000 series graphics cards from zotac https://t.co/sotprulbuo https://t.co/jpeuiepvne	2020-09-01	http://dlvr.it/RfkTVC	NVIDIA Corporation
snag 'quake' for free this weekend in the bethesda launcher https://t.co/ypcam5dnmo https://t.co/ptjcs7tubv	2020-08-10	http://dlvr.it/RdNmFG	NVIDIA Corporation
nvidia’s chief scientist developed a low-cost, open-source ventilator https://t.co/shgutpdgge https://t.co/tuwmrykkju	2020-05-04	http://dlvr.it/RW0MP8	NVIDIA Corporation
nvidia geforce now loses support for 'borderlands,' 'civ' and other 2k games https://t.co/aj6r7jghsc https://t.co/3frdjjhicx	2020-03-09	http://dlvr.it/RRZ0vC	NVIDIA Corporation
bethesda games leave geforce now streaming service https://t.co/ty8kvpmws4 https://t.co/1tcibfcpdl	2020-02-25	http://dlvr.it/RQkgkP	NVIDIA Corporation
netflix is re-creating iconic stranger things sets in la, and you can drive your car through them… https://t.co/rwx35kfri5	2020-08-23	https://twitter.com/i/web/status/1297594085000134656	Netflix, Inc.
"netflix is testing a ""shuffle play"" button https://t.co/pbcubggqoj https://t.co/mlynyyvpgh"	2020-08-21	http://dlvr.it/Rf6Dh8	Netflix, Inc.
netflix is making a film based on ubisoft's 'beyond good &amp; evil' https://t.co/4d1rj2xthc https://t.co/5fllue269h	2020-08-04	http://dlvr.it/RcxfTk	Netflix, Inc.
netflix is starting to restore normal streaming quality in parts of europe https://t.co/lw070mtfxw https://t.co/hx4mnw8gm8	2020-05-18	http://dlvr.it/RWtzr6	Netflix, Inc.
netflix pauses production on 'stranger things,' other shows due to coronavirus https://t.co/kr2vhbqz8f https://t.co/7w4c93lxcv	2020-03-16	http://dlvr.it/RS15XT	Netflix, Inc.
netflix, apple reportedly pull out of sxsw 2020 https://t.co/igbsadh8oh https://t.co/bzb5hkb4gn	2020-03-07	http://dlvr.it/RRS88f	Netflix, Inc.
netflix's first 'transformers' teaser reveals a hopeless war https://t.co/ywa6uzuuqz https://t.co/cg1clofds8	2020-02-25	http://dlvr.it/RQlMhn	Netflix, Inc.
netflix’s the witcher has made the witcher 3 way more popular https://t.co/0jvrmis9dz https://t.co/ruyxtrlrxp	2020-01-02	http://dlvr.it/RMKP2Y	Netflix, Inc.
netflix reopens iconic new york theater to showcase its most prestigious films https://t.co/geiwwznkhq https://t.co/14lleeefjg	2019-11-28	http://dlvr.it/RKKH29	Netflix, Inc.
netflix tweaks 'devil next door' documentary after polish pm complains https://t.co/akovbtgfpi https://t.co/3fwy4pn978	2019-11-19	http://dlvr.it/RJZMjz	Netflix, Inc.
disney is reportedly banning netflix ads across its entertainment tv networks https://t.co/dd1ylgg1jw https://t.co/snh4uihoxh	2019-10-07	http://dlvr.it/RFfcz8	Netflix, Inc.
tesla starts rolling out biggest software update ever with spotify, netflix, youtube, and more… https://t.co/kzzszptqn8	2019-09-29	https://twitter.com/i/web/status/1178384713934725121	Netflix, Inc.
seinfeld is heading to netflix in 2021 https://t.co/pmwoijlkgd https://t.co/wgpjaanopz	2019-09-19	http://dlvr.it/RDPwdm	Netflix, Inc.
initial creative emmy winners include apple, netflix and nasa https://t.co/bzmmczzsbd https://t.co/s43d2fqljn	2019-09-18	http://dlvr.it/RDNHcx	Netflix, Inc.
netflix's music talent show 'rhythm + flow' premieres october 9th https://t.co/kamigc1o5y https://t.co/t00ghurlzp	2019-09-04	http://dlvr.it/RCTDqs	Netflix, Inc.
facebook left 6,500 gallons of drilling fluid off the coast of oregon https://t.co/n0i290hlzg https://t.co/fjrv60exfu	2020-08-20	http://dlvr.it/Rf1z8Y	Facebook, Inc.
go read this washington post report about race problems at the chan zuckerberg initiative https://t.co/wrnppv3ll8 https://t.co/wg2ndkgvb8	2020-08-19	http://dlvr.it/Rdyb9m	Facebook, Inc.
facebook still hosts boogaloo extremist groups, report finds https://t.co/2png6ceqn6 https://t.co/tolhjndrq3	2020-08-15	http://dlvr.it/Rdjfd1	Facebook, Inc.
reels is a worthy tiktok rival lost in instagram bloat https://t.co/utilu4sgkz https://t.co/zjpfy1e1pv	2020-08-10	http://dlvr.it/RdKyLh	Facebook, Inc.
instagram disables related hashtags feature after bug that appeared to favor trump https://t.co/5w5svonklu https://t.co/wtxr80bo1i	2020-08-08	http://dlvr.it/RdGKmM	Facebook, Inc.
rep. matt gaetz says mark zuckerberg lied to congress ... in 2018 https://t.co/uwqhlyngcf https://t.co/gisrdit5dp	2020-07-30	http://dlvr.it/Rchbrb	Facebook, Inc.
facebook is simulating users’ bad behavior using ai https://t.co/xlbkpith6l https://t.co/ycjjt0yfhx	2020-07-26	http://dlvr.it/RcMxc0	Facebook, Inc.
ftc investigation of facebook may not finish before 2021 https://t.co/u25b3ta2d8 https://t.co/chzzo0esij	2020-07-22	http://dlvr.it/Rc6Qj4	Facebook, Inc.
ad boycott leaders say meeting with zuckerberg was 'a disappointment' https://t.co/wtanauxxjq https://t.co/j1xis2ijgm	2020-07-10	http://dlvr.it/RbMjT6	Facebook, Inc.
facebook admits to improperly giving user data to third-party developers, again https://t.co/ozx5avxjt2 https://t.co/6p6l0nsvvw	2020-07-04	http://dlvr.it/RZyK5P	Facebook, Inc.
facebook is testing a dark mode in its mobile app https://t.co/xrlvft1wti https://t.co/ujmtr0oocv	2020-06-30	http://dlvr.it/RZh78c	Facebook, Inc.
xbox will shut down mixer in a new deal with facebook gaming https://t.co/mlscg2tegx https://t.co/9t3tajneep	2020-06-25	http://dlvr.it/RZMjRx	Facebook, Inc.
facebook pledges $200 million to support black-owned businesses https://t.co/wfkht3ndzm https://t.co/l4wytb5ifo	2020-06-21	http://dlvr.it/RZ4n4C	Facebook, Inc.
facebook pulls trump campaign ads for violating hate speech policy https://t.co/5yzl3ot2vs https://t.co/iuylcj1lsm	2020-06-21	http://dlvr.it/RZ4drg	Facebook, Inc.
facebook’s revamped news section launches in the us with a focus on local sources https://t.co/ehwdomrecd https://t.co/ksg094jzfx	2020-06-12	http://dlvr.it/RYWhXB	Facebook, Inc.
facebook staff plan 'virtual walkout' over response to trump posts https://t.co/hlgcgkixlm https://t.co/coj0krmlzk	2020-06-04	http://dlvr.it/RXxw32	Facebook, Inc.
twitter said trump broke its rules. facebook allows the same posts. https://t.co/nodmbq1l5k https://t.co/225hw5fvpf	2020-06-01	http://dlvr.it/RXnFhz	Facebook, Inc.
facebook slams executive order: ‘it will restrict more speech online’ https://t.co/bxywnyvx5k https://t.co/iaz7ljtnyy	2020-05-31	http://dlvr.it/RXkL9M	Facebook, Inc.
facebook’s new discover app provides free data in developing countries https://t.co/cbhbv0wdhp https://t.co/9uqqwgmqnh	2020-05-09	http://dlvr.it/RWJGYb	Facebook, Inc.
how to clear your instagram search history https://t.co/nswhvfmnd6 https://t.co/3ramjdegtq	2020-05-08	http://dlvr.it/RWHYrB	Facebook, Inc.
instagram comments turned off and feed becomes chronological in strange bug https://t.co/ydehtgtrzt https://t.co/pwumqcmxcy	2020-04-06	http://dlvr.it/RTFFLy	Facebook, Inc.
facebook and fox news hosting virtual town hall on coronavirus pandemic using portal devices https://t.co/iy1lqyx16x https://t.co/v6vbypatkj	2020-04-04	http://dlvr.it/RTBGFd	Facebook, Inc.
instagram won’t approve new augmented reality effects because of covid-19 limitations https://t.co/hrkp7c1tzb https://t.co/xj1ofreezg	2020-03-22	http://dlvr.it/RSKcbS	Facebook, Inc.
instagram update could bring back chronological feed as app tests 'latest posts' feature https://t.co/bkg6m6jvgg https://t.co/gwsbf7rzgu	2020-02-17	http://dlvr.it/RQ9XhX	Facebook, Inc.
facebook caught iranian trolls spreading pro-trump propaganda online https://t.co/3us1uvcqee https://t.co/xap1zfn29w	2020-02-15	http://dlvr.it/RQ6HyB	Facebook, Inc.
facebook says it will tighten account security following 2018 hack https://t.co/ub64qfvra7 https://t.co/quc9ov66lp	2020-02-11	http://dlvr.it/RPr6FW	Facebook, Inc.
facebook sends cease-and-desist to facial recognition startup clearview ai over photo scraping… https://t.co/kahldya74h	2020-02-09	https://twitter.com/i/web/status/1226346619198558213	Facebook, Inc.
facebook’s messaging apps are more important than ever as revenue growth stalls https://t.co/65qn1fm5mf https://t.co/fzudhcbcjw	2020-02-01	http://dlvr.it/RPC00m	Facebook, Inc.
facebook says oversight board is coming soon https://t.co/zl78n2al5v https://t.co/wc1aspxeol	2020-01-31	http://dlvr.it/RP80bM	Facebook, Inc.
facebook and razer are restricting employee travel to china amid coronavirus outbreak https://t.co/irzuubrfo4 https://t.co/rwrsnzrvcs	2020-01-30	http://dlvr.it/RP4tWH	Facebook, Inc.
facebook official struggles to explain bezos' whatsapp hack https://t.co/oenyipsmqd https://t.co/norghsqz9d	2020-01-27	http://dlvr.it/RNs96k	Facebook, Inc.
a facial recognition company dug up billions of photos from facebook and beyond https://t.co/lszenxcwjf https://t.co/1krvmqgaqn	2020-01-21	http://dlvr.it/RNThhT	Facebook, Inc.
joe biden calls zuckerberg 'a real problem' and wants to revoke section 230 https://t.co/aomm2w0okd https://t.co/gcjyte09ck	2020-01-20	http://dlvr.it/RNPz0h	Facebook, Inc.
facebook gives oculus go permanent $50 price cut https://t.co/exfnb1ncqg https://t.co/ogi3ryhvnw	2020-01-20	http://dlvr.it/RNMcqk	Facebook, Inc.
instagram's boomerang adds much-needed editing and effects tools https://t.co/ynr4uwgioj https://t.co/zxrvcu6bfl	2020-01-15	http://dlvr.it/RN3cXZ	Facebook, Inc.
instagram is reportedly removing posts supporting soleimani https://t.co/n8dfnp8dsx https://t.co/vzyfzjhb8m	2020-01-14	http://dlvr.it/RN2SjF	Facebook, Inc.
facebook redesign with dark mode rolls out for some users https://t.co/rgmordmbou https://t.co/pr8gneh2pm	2020-01-13	http://dlvr.it/RMz62J	Facebook, Inc.
the 4 most downloaded apps of the decade are owned by facebook https://t.co/m8ahkna2hd https://t.co/g0xnlvaf94	2019-12-20	http://dlvr.it/RLg39t	Facebook, Inc.
ads on facebook are spreading misinformation about anti-hiv drugs https://t.co/wr837izalf https://t.co/mj2au3p7hw	2019-12-18	http://dlvr.it/RLXFDb	Facebook, Inc.
facebook tells us, uk and australia it won't weaken chat encryption https://t.co/yc7lqwrseb https://t.co/wwppqgokbf	2019-12-13	http://dlvr.it/RLBhL0	Facebook, Inc.
facebook's portal devices are each $50 off for black friday https://t.co/hfkt64giy8 https://t.co/bdzqosvfse	2019-12-01	http://dlvr.it/RKRZGy	Facebook, Inc.
facebook trained ai to fool facial recognition systems, and it works on live video https://t.co/ip7jerygna https://t.co/brqls9gzfp	2019-10-29	http://dlvr.it/RH8s1R	Facebook, Inc.
wsj: facebook's news tab could launch by the end of the month https://t.co/kxulwkex0x https://t.co/3a1n953j5m	2019-10-21	http://dlvr.it/RGgfwg	Facebook, Inc.
mobile banking firm sues facebook over calibra's logo https://t.co/vuho28zpne https://t.co/47j63bk4xz	2019-10-15	http://dlvr.it/RGGbZr	Facebook, Inc.
support for facebook's cryptocurrency is already falling apart https://t.co/7aj6sqgt6j https://t.co/d5hidqljtb	2019-10-14	http://dlvr.it/RGB65F	Facebook, Inc.
instagram introduces threads, a new messaging app for your close friends https://t.co/9uuzqha6eq https://t.co/dfrzq8qsg6	2019-10-06	http://dlvr.it/RFbXvZ	Facebook, Inc.
instagram is testing in-app reminders for merch drops https://t.co/ifswdcfxxk https://t.co/kogeh4bspj	2019-10-03	http://dlvr.it/RFRh3D	Facebook, Inc.
treaty would force facebook to share encrypted chats with uk police https://t.co/yl4ml8etka https://t.co/dl9ghmfg3h	2019-10-01	http://dlvr.it/RFF7BV	Facebook, Inc.
facebook wants to build a mind-reading wristband https://t.co/sztxlsatud https://t.co/m5ohfljxgs	2019-09-26	http://dlvr.it/RDzLsG	Facebook, Inc.
facebook will shut down group stories on september 26th https://t.co/eoytshuvrv https://t.co/rho25p55jn	2019-09-25	http://dlvr.it/RDqkw5	Facebook, Inc.
facebook’s latest ai experiment helps you pick what to wear https://t.co/uziofknumu https://t.co/t6vlkvoxdq	2019-09-23	http://dlvr.it/RDkSWz	Facebook, Inc.
instagram will restrict who can see posts about cosmetic procedures, weight loss products https://t.co/k5bmgucrty https://t.co/m7k6zsect4	2019-09-21	http://dlvr.it/RDbM5f	Facebook, Inc.
sony plans to test its prototype vision-s electric car on public roads https://t.co/jxffixu2hn https://t.co/cbz3ver5ez	2020-08-01	http://dlvr.it/Rcpqbq	
sony reportedly boosts ps5 production by 50 percent https://t.co/tonynk6qkr https://t.co/td09gxnqql	2020-07-18	http://dlvr.it/Rbs3D0	
sony’s upcoming zv-1 looks like an rx100 customized just for vlogging https://t.co/y1cjkji7km https://t.co/7nyaeoij4p	2020-05-22	http://dlvr.it/RX9clH	
destiny 2 is coming to playstation 5 and xbox series x https://t.co/gaf8n15cbx https://t.co/7mwjbizd6u	2020-05-10	http://dlvr.it/RWNCtW	
'dreams' creators can apply to sell their work beyond the ps4 https://t.co/vqmyz8yvnu https://t.co/ow948unboo	2020-03-18	http://dlvr.it/RS4xnH	
sony is skipping pax east convention over coronavirus concerns https://t.co/ftr2o6nc5e https://t.co/zurolwna98	2020-02-22	http://dlvr.it/RQWtRB	
sony sets prices for (most of) its latest 4k led tvs https://t.co/s4xlbcyzhe https://t.co/k3kcuykdil	2020-02-07	http://dlvr.it/RPbbSf	
sony lands patent for a new playstation controller design https://t.co/uooir5rzhy https://t.co/8xexrerkku	2019-12-31	http://dlvr.it/RMD9MT	
sony can't build smartphone camera sensors fast enough https://t.co/ddxcbgyhxs https://t.co/untc6ofa3u	2019-12-28	http://dlvr.it/RM4Jsp	
'red dead redemption 2' photo and story modes come to ps4 https://t.co/64ndwa8kqi https://t.co/zzfphrbyjf	2019-12-17	http://dlvr.it/RLTCVC	
playstation 4 pro with 'modern warfare' drops to $300 before black friday https://t.co/g7uj0rfj5s https://t.co/be01ha0w4b	2019-11-27	http://dlvr.it/RKB910	
the ps4 has outsold the original playstation and the wii https://t.co/qwpa8vna1e https://t.co/jzqovholzg	2019-11-02	http://dlvr.it/RHS4lm	
open world space game 'outer wilds' lands on the ps4 october 15th https://t.co/xwtnu21hv8 https://t.co/q2vkmi5bik	2019-10-12	http://dlvr.it/RG1py9	
playstation 5 will waste less energy  https://t.co/58vbmnohwr https://t.co/nmp3hm2nrb	2019-09-26	http://dlvr.it/RDvlXr	
'astroneer' brings planetary exploration to ps4 on november 15th https://t.co/pirvdosrdo https://t.co/nje8ocqr6t	2019-09-04	http://dlvr.it/RCQmcy	
an ex-uber exec might actually go to jail (but not for screwing over drivers) https://t.co/upl3n3jkil https://t.co/npusnrxw82	2020-08-23	http://dlvr.it/RfCLz5	
uber's latest acquisition should bring better public transit accessibility https://t.co/rbpvs2q3nk https://t.co/t6hml1fmfj	2020-07-19	http://dlvr.it/Rbw4M1	
uber offers to buy out postmates, says nyt https://t.co/cctpgr0dxo https://t.co/dc6pntfvbi	2020-07-02	http://dlvr.it/RZrQ8J	
uber, lyft will compensate drivers affected by coronavirus outbreak https://t.co/zoqql1fhqu https://t.co/f3ijukfr39	2020-03-11	http://dlvr.it/RRfPN5	
uber is leaving colombia after court ruling https://t.co/ekm4nmrwid https://t.co/v0rtixucf7	2020-01-14	http://dlvr.it/RN2f49	
uber's latest safety solution is a pin code for your ride https://t.co/xzjd1ebrvz https://t.co/kooryxg6rp	2020-01-10	http://dlvr.it/RMpZND	
uber and postmates sue california over gig worker law https://t.co/nloihdd4d1 https://t.co/tzipnlwbcw	2020-01-02	http://dlvr.it/RML1cF	
uber's first safety review contains thousands of sexual assault reports https://t.co/k2mx9uotu7 https://t.co/ryfdrr7ipt	2019-12-08	http://dlvr.it/RKvqQl	
uber could be delivering your groceries as early as 2020 https://t.co/rlrgfx4kwh https://t.co/u1cc1xuxkb	2019-10-16	http://dlvr.it/RGKkQJ	
'call of duty: black ops cold war' lands on november 13th https://t.co/tyowcplwrv https://t.co/r1innkxd62	2020-08-29	http://dlvr.it/RfZ7ds	Activision Blizzard, Inc.
call of duty: warzone will soon offer 200-person matches https://t.co/hbgaqnx4o5 https://t.co/vqjujb0d4y	2020-07-02	http://dlvr.it/RZqhYJ	Activision Blizzard, Inc.
watch the first private 'call of duty: warzone' tournament at 3pm et https://t.co/bknjuykzpb https://t.co/bu6vaanbdf	2020-05-27	http://dlvr.it/RXStQz	Activision Blizzard, Inc.
'call of duty: warzone' racks up 6 million players in 24 hours https://t.co/edrhfax4sh https://t.co/yzm0cfjede	2020-03-15	http://dlvr.it/RRvXJH	Activision Blizzard, Inc.
co-head of 'call of duty' studio treyarch leaves after 13 years https://t.co/yrbyknnp1i https://t.co/toj4qqoynk	2020-03-04	http://dlvr.it/RRGDlC	Activision Blizzard, Inc.
adobe will tell you to uninstall flash by the end of 2020 https://t.co/n4vvmv1ibc https://t.co/lnqm0dmuxk	2020-06-23	http://dlvr.it/RZD3xz	Adobe Inc.
adobe deals with ‘painful’ early reviews of photoshop for ipad https://t.co/xtu3i29u97 https://t.co/qycgimxvad	2019-11-11	http://dlvr.it/RJ4W0m	Adobe Inc.
spotify launches curated podcast playlists in a bid to make the platform a podcast tastemaker… https://t.co/l6tjvim3hy	2020-04-24	https://twitter.com/i/web/status/1253510609372512257	
spotify is giving free google home minis to all spotify premium users https://t.co/govdb1kzas https://t.co/h2s1lpbb1u	2019-10-26	http://dlvr.it/RGzyXT	
tesla starts rolling out biggest software update ever with spotify, netflix, youtube, and more… https://t.co/kzzszptqn8	2019-09-29	https://twitter.com/i/web/status/1178384713934725121	
china arrested former huawei staff for talking about iran deal online https://t.co/p51dswyadb https://t.co/bnxj4kiji5	2020-04-29	http://dlvr.it/RVj8wj	
google to new huawei owners: use our apps at your own risk https://t.co/cawj0pmoer https://t.co/svlozdqdpp	2020-02-26	http://dlvr.it/RQpWLr	
us attorney general says tech and telecom industries should invest in huawei competitors https://t.co/dmuzh0fhke https://t.co/zhledl3pvf	2020-02-09	http://dlvr.it/RPj4J2	
huawei's google maps alternative is tomtom https://t.co/iceefwnpvh https://t.co/qqt5cwrwab	2020-01-23	http://dlvr.it/RNZLBB	
huawei to unveil new foldable phone, the mate xs, in february 2020 https://t.co/e6b9fz2vut https://t.co/u61iwsdbnp	2019-12-22	http://dlvr.it/RLkb4h	
fcc bans carriers from buying huawei, zte gear with subsidies https://t.co/xtega4cuxl https://t.co/fwiw3bxsht	2019-11-25	http://dlvr.it/RK4W8x	
huawei confirms mate 30 will land on september 19th https://t.co/z0frf94buw https://t.co/mvddwe8n9t	2019-09-04	http://dlvr.it/RCTwDT	
razer’s kishi turns your phone into a nintendo switch that can play google stadia https://t.co/3l1cmr46jc https://t.co/7oce0boysf	2020-06-12	http://dlvr.it/RYT02t	
turn your switch into a neo geo pocket color with snk gals’ fighters https://t.co/d6ewokpbml https://t.co/zrn6nxymu2	2020-05-03	http://dlvr.it/RVvWGZ	
nintendo just announced a bunch of new indie games are coming to the switch https://t.co/fikzruzzhh https://t.co/frujdyd29s	2020-03-20	http://dlvr.it/RSD841	
nintendo’s new animal crossing-themed switch looks amazing https://t.co/lssprlj5yi https://t.co/fsfeqno0q0	2020-02-02	http://dlvr.it/RPFzVQ	
nintendo brings more snes and nes games to switch, including star fox 2 https://t.co/wk8wn7br9k https://t.co/gb2damczez	2019-12-07	http://dlvr.it/RKsQ0B	
gothalion is the latest big twitch streamer to switch to mixer https://t.co/tp7xu2jgui https://t.co/itruidsn1m	2019-10-30	http://dlvr.it/RHHJW3	
xiaomi shows off mi 10 phone design, confirms february 13th launch date https://t.co/qjvqm0oemd https://t.co/neiobxggox	2020-02-13	http://dlvr.it/RPzYw2	Xiaomi Corporation
pfizer and biontech share positive early data on lead mrna vaccine candidate bnt162b2 against covid-19… https://t.co/tpineisfbi	2020-08-21	https://twitter.com/i/web/status/1296873338229231616	Pfizer Inc.
pfizer announces agreement with gilead to manufacture remdesivir for treatment of covid-19 https://t.co/jscnh8amw7 https://t.co/pgyknnhl3u	2020-08-11	http://dlvr.it/RdSHHQ	Pfizer Inc.
pfizer and biontech to supply japan with 120 million doses of their bnt162 mrna-based vaccine candidate… https://t.co/bqgftnqzkf	2020-08-02	https://twitter.com/i/web/status/1289895109484359681	Pfizer Inc.
pfizer and biontech announce an agreement with u.s. government for up to 600 million doses of mrna-based vaccine aa… https://t.co/qlljnbd8gk	2020-07-27	https://twitter.com/i/web/status/1287899210403127296	Pfizer Inc.
pfizer and biontech announce agreement with the united kingdom for 30 million doses of mrna-based vaccine candidate… https://t.co/rf9d3efvvd	2020-07-27	https://twitter.com/i/web/status/1287899207093768192	Pfizer Inc.
pfizer and biontech granted fda fast track designation for two investigational mrna-based vaccine candidates agains… https://t.co/dxlx9guntn	2020-07-14	https://twitter.com/i/web/status/1283188540805799937	Pfizer Inc.
pfizer and biontech announce early positive data from an ongoing phase 1/2 study of mrna-based vaccine candidate ag… https://t.co/bk6uuuitsb	2020-07-02	https://twitter.com/i/web/status/1278610629838860289	Pfizer Inc.
pfizer and biontech dose first participants in the u.s. as part of global covid-19 mrna vaccine development program… https://t.co/enqga7bwnl	2020-05-11	https://twitter.com/i/web/status/1259936322988335105	Pfizer Inc.
pfizer and biontech announce further details on collaboration to accelerate global covid-19 vaccine development… https://t.co/tgwbpnz5dw	2020-04-11	https://twitter.com/i/web/status/1248983026660327425	Pfizer Inc.
pfizer vaccines launches global centers of excellence network https://t.co/jt8wcbb0ob https://t.co/wjtbszegsc	2020-01-23	http://dlvr.it/RNdQ0v	Pfizer Inc.
theravance biopharma and pfizer inc. enter global license agreement for skin-targeted, locally-acting pan-janus kin… https://t.co/ital1qc4uf	2019-12-23	https://twitter.com/i/web/status/1209197871750205440	Pfizer Inc.
fda approves pfizer's biosimilar, abrilada™ (adalimumab-afzb) for multiple inflammatory conditions… https://t.co/ueo3m56oe3	2019-12-03	https://twitter.com/i/web/status/1201681215041880066	Pfizer Inc.
bristol-myers squibb and pfizer announce randomized, controlled trial to evaluate the effect of atrial fibrillation… https://t.co/ezdkamszdc	2019-11-15	https://twitter.com/i/web/status/1195468275087372288	Pfizer Inc.
mylan and pfizer announce viatris as the new company name in the planned mylan-upjohn combination… https://t.co/sou8zp4uyu	2019-11-13	https://twitter.com/i/web/status/1194696190224293888	Pfizer Inc.
opko and pfizer announce positive phase 3 top-line results for somatrogon https://t.co/twtjjwszxy https://t.co/vnsw1sdfuo	2019-10-25	http://dlvr.it/RGz8Cf	Pfizer Inc.
the bristol-myers squibb-pfizer alliance and fitbit collaborate to address gaps in atrial fibrillation detection wi… https://t.co/jd85gxztb0	2019-10-18	https://twitter.com/i/web/status/1185311603094278149	Pfizer Inc.
akcea and pfizer inc. announce licensing agreement for investigative antisense therapy akcea-angptl3-lrx… https://t.co/sn7cvscrdf	2019-10-07	https://twitter.com/i/web/status/1181276641835642880	Pfizer Inc.
ian read to retire as executive chairman of pfizer's board of directors; chief executive officer dr. albert bourla… https://t.co/s9v8rgafym	2019-10-01	https://twitter.com/i/web/status/1179042427820134400	Pfizer Inc.
bayer and informed data systems inc. (one drop) join forces to jointly develop digital health products across thera… https://t.co/ldvkgftm6f	2020-08-24	https://twitter.com/i/web/status/1297956354716348416	Bayer Aktiengesellschaft
"bayer supports ""the challenge initiative"" of johns hopkins bloomberg school of public health with 10 million usd… https://t.co/kqtswshrtz"	2020-06-20	https://twitter.com/i/web/status/1274163949483651073	Bayer Aktiengesellschaft
bayer to support harvard research study to evaluate trust in science, including in covid-19 pandemic… https://t.co/4njdz4ozze	2020-06-02	https://twitter.com/i/web/status/1267961455426465792	Bayer Aktiengesellschaft
bayer partners with population health research institute (phri) on global clinical research evaluating covid-19 tre… https://t.co/igh0tdiofh	2020-04-22	https://twitter.com/i/web/status/1252986031038590976	Bayer Aktiengesellschaft
bayer and nuvisan create new research unit in berlin https://t.co/6k59jntxlr https://t.co/ytbuvz8xa4	2020-02-11	http://dlvr.it/RPrnzy	Bayer Aktiengesellschaft
bayer and exscientia collaborate to leverage the potential of artificial intelligence in cardiovascular and oncolog… https://t.co/rus9v24ufn	2020-01-10	https://twitter.com/i/web/status/1215450823305490434	Bayer Aktiengesellschaft
new set-up for it at bayer https://t.co/8ihbjefqw0 https://t.co/xj7jlczrxw	2019-12-14	http://dlvr.it/RLFbgW	Bayer Aktiengesellschaft
bayer selects pharmaron as partner organization https://t.co/dtobcl3ai2 https://t.co/uvvopcxqgp	2019-11-29	http://dlvr.it/RKMylR	Bayer Aktiengesellschaft
bayer and dewpoint therapeutics partner to research new treatments for cardiovascular and gynecological diseases… https://t.co/9ste0uo7u3	2019-11-14	https://twitter.com/i/web/status/1195104510437281792	Bayer Aktiengesellschaft
bayer invests usd 50 million in egenesis series b financing round https://t.co/f537nuja77 https://t.co/4imcprowe1	2019-11-11	http://dlvr.it/RJ534h	Bayer Aktiengesellschaft
bayer launches lifehub uk focused on artificial intelligence to optimize data-driven drug discovery and disease dia… https://t.co/yuxzieqyhx	2019-10-23	https://twitter.com/i/web/status/1186807210371760128	Bayer Aktiengesellschaft
bayer inks deals with eleven startups under g4a digital health partnerships program https://t.co/qklz6zf2f3 https://t.co/nwhc2iry21	2019-10-10	http://dlvr.it/RFxMVp	Bayer Aktiengesellschaft
sanofi provides update on kevzara® (sarilumab) phase 3 trial in severe and critically ill covid-19 patients outside… https://t.co/nbhz7uaufx	2020-09-01	https://twitter.com/i/web/status/1300895715850252288	Sanofi
sanofi to acquire principia biopharma https://t.co/udnljjw6k3 https://t.co/x8ybvitcwp	2020-08-18	http://dlvr.it/RdvJnk	Sanofi
sanofi and gsk selected for operation warp speed to supply united states government with 100 million doses of covid… https://t.co/fm1rrnbn7d	2020-08-07	https://twitter.com/i/web/status/1291846086294827008	Sanofi
sanofi and gsk in advanced discussions with european union to supply up to 300 million doses of covid-19 vaccine… https://t.co/fv9myjtjyq	2020-08-04	https://twitter.com/i/web/status/1290755901817643008	Sanofi
sanofi and regeneron provide update on kevzara® (sarilumab) phase 3 u.s. trial in covid-19 patients… https://t.co/1zfuuqbdg3	2020-07-12	https://twitter.com/i/web/status/1282417710777810944	Sanofi
sanofi and translate bio expand collaboration to develop mrna vaccines across all infectious disease areas… https://t.co/lh8gijz0el	2020-06-23	https://twitter.com/i/web/status/1275529826506436608	Sanofi
sanofi invests to make france its world class center of excellence in vaccine research and production… https://t.co/nonoc9dmdn	2020-06-17	https://twitter.com/i/web/status/1273394007905689601	Sanofi
sanofi intends to sell its equity investment in regeneron; confirms no change to ongoing collaboration… https://t.co/vuvchtp9d1	2020-05-26	https://twitter.com/i/web/status/1265423353193525248	Sanofi
sanofi and regeneron provide update on u.s. phase 2/3 adaptive-designed trial in hospitalized covid-19 patients… https://t.co/d0yeo4ay97	2020-04-27	https://twitter.com/i/web/status/1254890829816057856	Sanofi
sanofi and gsk to join forces in unprecedented vaccine collaboration to fight covid-19 https://t.co/rep532zqui https://t.co/7lbp9jy9a2	2020-04-20	http://dlvr.it/RV7VyB	Sanofi
sanofi to donate 100 million doses of hydroxychloroquine across 50 countries https://t.co/ywtbvpnxrc https://t.co/qvhvzfw8ny	2020-04-14	http://dlvr.it/RTkrVF	Sanofi
sanofi brain-penetrant btk inhibitor meets primary endpoint of phase 2 trial in relapsing multiple sclerosis… https://t.co/7ic3l8b7bs	2020-02-08	https://twitter.com/i/web/status/1226004495567441920	Sanofi
sanofi opens its first digitally-enabled, continuous manufacturing facility; ushers in next generation of biotech m… https://t.co/cn5lgav2lo	2019-10-16	https://twitter.com/i/web/status/1184586076121374721	Sanofi
abbott's fast, $5, 15-minute, easy-to-use covid-19 antigen test receives fda emergency use authorization… https://t.co/tkh1gdddha	2020-08-28	https://twitter.com/i/web/status/1299403635898556418	Abbott Laboratories
abbott announces discovery of new strain of hiv, keeping global health community a step ahead of the virus… https://t.co/0psj7axri2	2019-11-07	https://twitter.com/i/web/status/1192247305430167552	Abbott Laboratories
abbott and omada health partner to offer integrated digital health and coaching experience for people with type 2 d… https://t.co/jd66d7opsa	2019-10-14	https://twitter.com/i/web/status/1183771208585662464	Abbott Laboratories
abbott and abbott fund launch 'future well kids' program to help students shape healthier lives… https://t.co/3e2ycme1nf	2019-10-10	https://twitter.com/i/web/status/1182411118804750336	Abbott Laboratories
lilly initiates phase 3 trial of ly-cov555 for prevention of covid-19 at long-term care facilities in partnership w… https://t.co/y3p1jjzy3f	2020-08-12	https://twitter.com/i/web/status/1293656263184642048	Eli Lilly and Company
lilly begins world's first study of a potential covid-19 antibody treatment in humans https://t.co/9zhh1mgq5h https://t.co/9j9cuduj0y	2020-06-26	http://dlvr.it/RZS1n0	Eli Lilly and Company
lilly opens phase 3 clinical trial in ret-mutant medullary thyroid cancer https://t.co/77lunszpla https://t.co/ciire1rkly	2020-01-04	http://dlvr.it/RMQWQZ	Eli Lilly and Company
johnson &amp; johnson announces agreement with u.s. government for 100 million doses of investigational covid-19 vaccin… https://t.co/rmvagrmpxe	2020-08-13	https://twitter.com/i/web/status/1294018779488219136	Johnson & Johnson
single dose of johnson &amp; johnson covid-19 vaccine candidate demonstrates robust protection in pre-clinical studies… https://t.co/1nsdf5oopc	2020-07-30	https://twitter.com/i/web/status/1288944595808612352	Johnson & Johnson
johnson &amp; johnson announces collaboration to expand manufacturing capabilities for its covid-19 vaccine candidate… https://t.co/97dtlhuztu	2020-05-18	https://twitter.com/i/web/status/1262476312586842112	Johnson & Johnson
johnson &amp; johnson announces a lead vaccine candidate for covid-19 https://t.co/w9ki1oczsn https://t.co/kr52pot2qv	2020-04-07	http://dlvr.it/RTLmYf	Johnson & Johnson
u.s. food and drug administration accepts for priority review bristol-myers squibb's application for opdivo (nivolu… https://t.co/ziuli1ynjc	2020-01-17	https://twitter.com/i/web/status/1218303246294347777	Bristol-Myers Squibb Company
bristol-myers squibb completes divestment of manufacturing facility in anagni, italy https://t.co/7eclyr96wn https://t.co/j0h6nnppzu	2020-01-07	http://dlvr.it/RMcgq6	Bristol-Myers Squibb Company
bristol-myers squibb completes acquisition of celgene, creating a leading biopharma company https://t.co/qqcvl177z1 https://t.co/7fnzapisu9	2019-11-21	http://dlvr.it/RJm1Ns	Bristol-Myers Squibb Company
bristol-myers squibb and pfizer announce randomized, controlled trial to evaluate the effect of atrial fibrillation… https://t.co/ezdkamszdc	2019-11-15	https://twitter.com/i/web/status/1195468275087372288	Bristol-Myers Squibb Company
"bristol-myers squibb awards ""golden tickets"" for labcentral to carmine therapeutics, stimit https://t.co/v0y06fsv4t https://t.co/17pkfpyexh"	2019-11-01	http://dlvr.it/RHNKhY	Bristol-Myers Squibb Company
the bristol-myers squibb-pfizer alliance and fitbit collaborate to address gaps in atrial fibrillation detection wi… https://t.co/jd85gxztb0	2019-10-18	https://twitter.com/i/web/status/1185311603094278149	Bristol-Myers Squibb Company
